Año;Código;Universidad;Rama;Grado en;Centro;Nota general;Titulados;Mayor 25;Mayor 40;Mayor 45
2015 ;125504;ALMERÍA;SYJ;ADMINISTRACION Y DIRECCIÓN DE EMPRESAS ;FACULTAD CIENCIAS ECONÓMICAS Y EMPRESARIALES;5,108;5,000;7,380 -OPR AN;5,000;5,000
2015 ;126702;ALMERÍA;C;BIOTECNOLOGÍA ;FACULTAD DE CIENCIAS EXPERIMENTALES;9,508;7,740;5,000 -ONP NA;5,000;5,000
2015 ;127005;ALMERÍA;C;CIENCIAS AMBIENTALES ;FACULTAD DE CIENCIAS EXPERIMENTALES;5,000;5,000;5,000 -ONP NA;5,000;5,000
2015 ;127501;ALMERÍA;SYJ;CIENCIAS DE LA ACTIVIDAD FÍSICA Y DEL DEPORTE ;FACULTAD DE CIENCIAS DE LA EDUCACIÓN;9,480;7,820;7,580 -OPR AN;5,000;5,000
2015 ;129509;ALMERÍA;SYJ;DERECHO ;FACULTAD DE DERECHO;5,613;6,510;6,958 -OPR AN;21,083;6,450
2015 ;125601;ALMERÍA;SYJ;DERECHO + ADMINISTRACIÓN Y DIRECCIÓN DE EMPRESAS ;FACULTAD CIENCIAS ECONÓMICAS Y EMPRESARIALES;5,000;6,300;5,070 -OPR NA;5,000;5,000
2015 ;130005;ALMERÍA;SYJ;ECONOMÍA ;FACULTAD CIENCIAS ECONÓMICAS Y EMPRESARIALES;5,000;6,560;5,000 -ONP NA;5,000;5,000
2015 ;145505;ALMERÍA;SYJ;EDUCACIÓN INFANTIL ;FACULTAD DE CIENCIAS DE LA EDUCACIÓN;5,000;6,730;5,700 -OPR AN;5,000;5,000
2015 ;146509;ALMERÍA;SYJ;EDUCACIÓN PRIMARIA ;FACULTAD DE CIENCIAS DE LA EDUCACIÓN;5,307;6,630;6,480 -OPR AN;5,000;5,000
2015 ;102200;ALMERÍA;SYJ;EDUCACIÓN SOCIAL ;FACULTAD DE CIENCIAS DE LA EDUCACIÓN;5,184;6,750;5,770 -OPR AN;5,000;5,000
2015 ;102502;ALMERÍA;SD;ENFERMERÍA ;FACULTAD DE CIENCIAS DE LA SALUD;9,711;8,500;6,248 -OPR AN;13,163;6,900
2015 ;134506;ALMERÍA;AYH;ESTUDIOS INGLESES ;FACULTAD DE HUMANIDADES;5,000;8,090;5,000 -ONP NA;5,000;5,000
2015 ;134001;ALMERÍA;AYH;FILOLOGÍA HISPÁNICA ;FACULTAD DE HUMANIDADES;5,000;7,280;5,000 -ONP NA;5,000;5,000
2015 ;102006;ALMERÍA;SYJ;FINANZAS Y CONTABILIDAD ;FACULTAD CIENCIAS ECONÓMICAS Y EMPRESARIALES;5,000;5,000;6,882 -OPR AN;5,000;5,000
2015 ;103506;ALMERÍA;SD;FISIOTERAPIA ;FACULTAD DE CIENCIAS DE LA SALUD;10,165;8,650;7,320 -OPR AN;5,000;5,000
2015 ;104003;ALMERÍA;SYJ;GESTIÓN Y ADMINISTRACIÓN PÚBLICA ;FACULTAD DE DERECHO;5,000;6,940;5,000 -ONP NA;5,000;5,000
2015 ;137507;ALMERÍA;AYH;HISTORIA ;FACULTAD DE HUMANIDADES;5,000;8,640;5,920 -ONP NA;5,000;5,000
2015 ;138500;ALMERÍA;AYH;HUMANIDADES ;FACULTAD DE HUMANIDADES;5,000;5,000;5,000 -ONP NA;5,000;5,000
2015 ;122007;ALMERÍA;IYA;INGENIERÍA AGRÍCOLA EXPLOTACIONES AGROPECUARIASHORTOFRUTICULTURA Y JARDINERÍAINDUSTRIAS AGRARIAS Y ALIMENTARIASMECANIZACIÓN DE CONSTRUCCIONES RURALES;ESCUELA SUPERIOR DE INGENIERÍA;5,000;5,000;5,000 -ONP NA;5,000;5,000
2015 ;112508;ALMERÍA;IYA;INGENIERÍA ELÉCTRICA ENERGÍAS RENOVABLES;ESCUELA SUPERIOR DE INGENIERÍA;5,000;5,000;5,000 -ONP NA;5,000;5,000
2015 ;113005;ALMERÍA;IYA;INGENIERÍA ELECTRÓNICA INDUSTRIAL ;ESCUELA SUPERIOR DE INGENIERÍA;5,000;5,000;6,749 -ONP NA;5,000;5,000
2015 ;123507;ALMERÍA;IYA;INGENIERÍA INFORMÁTICA INGENIERÍA DEL SOFTWARESISTEMAS DE INFORMACIÓNTECNOLOGÍAS DE LA INFORMACIÓN;ESCUELA SUPERIOR DE INGENIERÍA;5,000;5,000;5,000 -ONP NA;5,000;5,000
2015 ;113501;ALMERÍA;IYA;INGENIERÍA MECÁNICA ;ESCUELA SUPERIOR DE INGENIERÍA;5,000;7,020;5,000 -ONP NA;5,000;5,000
2015 ;114009;ALMERÍA;IYA;INGENIERÍA QUÍMICA INDUSTRIAL ;ESCUELA SUPERIOR DE INGENIERÍA;5,000;5,000;5,000 -ONP NA;5,000;5,000
2015 ;149003;ALMERÍA;SYJ;MARKETING E INVESTIGACIÓN DE MERCADOS ;FACULTAD CIENCIAS ECONÓMICAS Y EMPRESARIALES;5,201;5,000;5,991 -OPR AN;5,000;5,000
2015 ;139008;ALMERÍA;C;MATEMÁTICAS ;FACULTAD DE CIENCIAS EXPERIMENTALES;5,000;5,000;5,000 -ONP NA;5,000;5,000
2015 ;141500;ALMERÍA;SD;PSICOLOGÍA ;FACULTAD DE PSICOLOGÍA;6,304;7,920;7,050 -ONP AN;5,000;5,000
2015 ;142504;ALMERÍA;C;QUÍMICA ;FACULTAD DE CIENCIAS EXPERIMENTALES;5,000;5,000;5,000 -ONP NA;5,000;5,000
2015 ;108008;ALMERÍA;SYJ;RELACIONES LABORALES Y RECURSOS HUMANOS ;FACULTAD DE DERECHO;5,000;7,170;5,360 -OPR AN;5,000;5,000
2015 ;108504;ALMERÍA;SYJ;TRABAJO SOCIAL ;CENTRO RELACIONES LABORALES (ADSCRITO);5,000;5,000;5,000 -ONP NA;5,000;5,000
2015 ;108706;ALMERÍA;SYJ;TURISMO ;FACULTAD CIENCIAS ECONÓMICAS Y EMPRESARIALES;5,000;5,000;6,170 -OPR AN;5,000;5,000
2015 ;225521;CÁDIZ;SYJ;ADMINISTRACION Y DIRECCIÓN DE EMPRESAS ;FAC. CC. ECONÓMICAS Y EMPRESARIALES (SEDE ALGECIRAS);5,000;5,000;5,549 -ONP AN;5,000;5,000
2015 ;225517;CÁDIZ;SYJ;ADMINISTRACION Y DIRECCIÓN DE EMPRESAS ;FAC. CIENCIAS. ECON. Y EMP. (SEDE JEREZ);5,001;5,000;5,017 -ONP AN;5,000;5,000
2015 ;225502;CÁDIZ;SYJ;ADMINISTRACION Y DIRECCIÓN DE EMPRESAS ;FACULTAD DE CIENCIAS ECONÓMICAS Y EMPRESARIALES;5,000;5,000;5,000 -ONP NA;5,000;5,000
2015 ;225614;CÁDIZ;SYJ;ADMINISTRACIÓN Y DIRECCIÓN DE EMPRESAS + DERECHO ;FAC. CIENCIAS. ECON. Y EMP. (SEDE JEREZ);9,469;5,000;5,640 -OPR AN;5,000;5,350
2015 ;224207;CÁDIZ;IYA;ARQUITECTURA NAVAL E INGENIERÍA MARÍTIMA ESTRUCTURAS MARINASPROPULSION Y SERVICIOS DEL BUQUE;ESCUELA DE INGENIERÍA NAVAL Y OCEÁNICA;5,000;5,000;5,000 -ONP NA;5,000;5,000
2015 ;226700;CÁDIZ;C;BIOTECNOLOGÍA ;FACULTAD DE CIENCIAS;11,471;5,000;5,000 -ONP NA;5,000;5,000
2015 ;227100;CÁDIZ;C;CC AMBIENTALES + CC DEL MAR ;FACULTAD DE CIENCIAS DEL MAR Y AMBIENTALES;5,000;5,000;5,000 -ONP NA;5,000;5,000
2015 ;227208;CÁDIZ;C;CC AMBIENTALES + QUÍMICA ;FACULTAD DE CIENCIAS DEL MAR Y AMBIENTALES;5,593;5,000;5,000 -ONP NA;5,000;5,000
2015 ;228104;CÁDIZ;C;CC DEL MAR + CC AMBIENTALES ;FACULTAD DE CIENCIAS DEL MAR Y AMBIENTALES;6,109;5,000;5,000 -ONP NA;5,000;5,000
2015 ;227003;CÁDIZ;C;CIENCIAS AMBIENTALES ;FACULTAD DE CIENCIAS DEL MAR Y AMBIENTALES;5,000;5,000;5,000 -ONP NA;5,000;5,000
2015 ;227501;CÁDIZ;SYJ;CIENCIAS DE LA ACTIVIDAD FÍSICA Y DEL DEPORTE ;FACULTAD DE CIENCIAS DE LA EDUCACIÓN;10,037;7,790;6,350 -OPR AN;5,000;5,000
2015 ;228007;CÁDIZ;C;CIENCIAS DEL MAR ;FACULTAD DE CIENCIAS DEL MAR Y AMBIENTALES;5,689;7,100;5,000 -ONP NA;5,000;5,000
2015 ;292801;CÁDIZ;SYJ;CRIMINOLOGÍA Y SEGURIDAD ;FACULTAD DE DERECHO;8,725;6,540;7,230 -OPR AN;21,750;6,850
2015 ;229507;CÁDIZ;SYJ;DERECHO ;FACULTAD DE DERECHO;5,274;7,000;6,730 -OPR AN;5,000;5,000
2015 ;229511;CÁDIZ;SYJ;DERECHO ;FACULTAD DE DERECHO (SEDE ALGECIRAS);5,000;6,908;6,840 -OPR AN;5,000;5,000
2015 ;245518;CÁDIZ;SYJ;EDUCACIÓN INFANTIL ;CENTRO MAGISTERIO  VIRGEN DE EUROPA  (ADSCRITO) (LA LÍNEA);5,000;5,000;7,061 -ONP AN;5,000;5,000
2015 ;245503;CÁDIZ;SYJ;EDUCACIÓN INFANTIL ;FACULTAD DE CIENCIAS DE LA EDUCACIÓN;7,331;6,370;7,738 -ONP AN;5,000;5,000
2015 ;246511;CÁDIZ;SYJ;EDUCACIÓN PRIMARIA ;CENTRO MAGISTERIO  VIRGEN DE EUROPA  (ADSCRITO) (LA LÍNEA);5,000;5,000;5,000 -ONP NA;5,000;5,000
2015 ;246507;CÁDIZ;SYJ;EDUCACIÓN PRIMARIA ;FACULTAD DE CIENCIAS DE LA EDUCACIÓN;7,780;6,830;5,696 -ONP AN;5,000;5,000
2015 ;202549;CÁDIZ;SD;ENFERMERÍA ;CENTRO UNIVERSITARIO DE ENFERMERÍA  SALUS INFIRMORUM  (ADS);7,682;7,930;5,000 -ONP NA;5,000;5,000
2015 ;202515;CÁDIZ;SD;ENFERMERÍA ;FACULTAD DE ENFERMERÍA  (ALGECIRAS);9,430;7,380;6,900 -OPR AN;13,333;7,450
2015 ;202500;CÁDIZ;SD;ENFERMERÍA ;FACULTAD DE ENFERMERÍA Y FISIOTERAPIA;10,373;7,480;6,908 -OPR AN;7,208;5,830
2015 ;202534;CÁDIZ;SD;ENFERMERÍA ;FACULTAD DE ENFERMERÍA Y FISIOTERAPIA (JEREZ);10,114;7,760;8,400 -OPR AN;25,333;5,960
2015 ;297001;CÁDIZ;C;ENOLOGÍA ;FACULTAD DE CIENCIAS;5,000;8,970;5,000 -ONP NA;14,249;5,000
2015 ;231503;CÁDIZ;AYH;ESTUDIOS ÁRABES E ISLÁMICOS ;FACULTAD DE FILOSOFÍA Y LETRAS;5,000;5,000;5,000 -ONP NA;5,000;5,000
2015 ;231600;CÁDIZ;AYH;ESTUDIOS ÁRABES E ISLÁMICOS+ESTUDIOS INGLESES ;FACULTAD DE FILOSOFÍA Y LETRAS;6,667;5,000;5,000 -ONP NA;5,000;5,000
2015 ;233004;CÁDIZ;AYH;ESTUDIOS FRANCESES ;FACULTAD DE FILOSOFÍA Y LETRAS;5,000;5,000;5,000 -ONP NA;5,000;5,000
2015 ;233101;CÁDIZ;AYH;ESTUDIOS FRANCESES+ESTUDIOS INGLESES ;FACULTAD DE FILOSOFÍA Y LETRAS;11,395;5,000;5,000 -ONP NA;5,000;5,000
2015 ;234504;CÁDIZ;AYH;ESTUDIOS INGLESES ;FACULTAD DE FILOSOFÍA Y LETRAS;6,124;5,000;5,000 -ONP NA;5,000;5,000
2015 ;232000;CÁDIZ;AYH;FILOLOGÍA CLÁSICA ;FACULTAD DE FILOSOFÍA Y LETRAS;5,000;5,000;5,479 -OPR AN;5,000;5,000
2015 ;232108;CÁDIZ;AYH;FILOLOGÍA CLÁSICA+ESTUDIOS INGLESES ;FACULTAD DE FILOSOFÍA Y LETRAS;5,000;5,000;5,000 -ONP NA;5,000;5,000
2015 ;234008;CÁDIZ;AYH;FILOLOGÍA HISPÁNICA ;FACULTAD DE FILOSOFÍA Y LETRAS;5,000;5,000;5,640 -OPR AN;5,000;5,000
2015 ;234105;CÁDIZ;AYH;FILOLOGÍA HISPÁNICA+ESTUDIOS INGLESES ;FACULTAD DE FILOSOFÍA Y LETRAS;11,529;5,000;5,000 -ONP NA;5,000;5,000
2015 ;202004;CÁDIZ;SYJ;FINANZAS Y CONTABILIDAD ;FACULTAD DE CIENCIAS ECONÓMICAS Y EMPRESARIALES;5,000;6,040;5,000 -ONP NA;5,000;5,000
2015 ;202101;CÁDIZ;SYJ;FINANZAS Y CONTABILIDAD + REL. LABORALES Y REC. HUMANOS ;FACULTAD DE CIENCIAS ECONÓMICAS Y EMPRESARIALES;5,000;5,000;5,120 -OPR NA;5,000;5,000
2015 ;203504;CÁDIZ;SD;FISIOTERAPIA ;FACULTAD DE ENFERMERÍA Y FISIOTERAPIA;11,378;8,910;7,003 -OPR AN;5,000;5,000
2015 ;204016;CÁDIZ;SYJ;GESTIÓN Y ADMINISTRACIÓN PÚBLICA ;FACULTAD DE CIENCIAS SOCIALES Y DE LA COMUNICACIÓN (JEREZ);5,000;7,450;5,000 -ONP NA;5,000;5,000
2015 ;237505;CÁDIZ;AYH;HISTORIA ;FACULTAD DE FILOSOFÍA Y LETRAS;5,000;5,000;7,310 -OPR AN;9,438;6,770
2015 ;238509;CÁDIZ;AYH;HUMANIDADES ;FACULTAD DE FILOSOFÍA Y LETRAS;5,000;5,000;5,000 -ONP NA;30,292;6,380
2015 ;221702;CÁDIZ;IYA;INGENIERÍA AEROESPACIAL ;ESCUELA SUPERIOR DE INGENIERÍA;10,416;6,360;5,000 -ONP NA;5,000;5,000
2015 ;222501;CÁDIZ;IYA;INGENIERÍA CIVIL CONSTRUCCIONES CIVILESHIDROLOGÍATRANSPORTES Y SERVICIOS URBANOS;ESCUELA POLITÉCNICA SUPERIOR (ALGECIRAS);5,000;5,000;5,000 -ONP NA;5,000;5,000
2015 ;212506;CÁDIZ;IYA;INGENIERÍA ELÉCTRICA ;ESCUELA SUPERIOR DE INGENIERÍA;5,000;5,000;5,000 -ONP NA;5,000;5,000
2015 ;213003;CÁDIZ;IYA;INGENIERÍA ELECTRÓNICA INDUSTRIAL ;ESCUELA SUPERIOR DE INGENIERÍA;5,000;5,000;5,000 -ONP NA;5,000;5,000
2015 ;211200;CÁDIZ;IYA;INGENIERÍA EN DIS. INDUS. Y DESARROLLO DEL PRODUCTO ;ESCUELA SUPERIOR DE INGENIERÍA;6,621;5,000;7,200 -ONP AN;5,000;5,000
2015 ;223013;CÁDIZ;IYA;INGENIERÍA EN TECNOLOGÍAS INDUSTRIALES ;ESCUELA POLITÉCNICA SUPERIOR (ALGECIRAS);5,000;5,000;5,000 -ONP NA;5,000;5,000
2015 ;223009;CÁDIZ;IYA;INGENIERÍA EN TECNOLOGÍAS INDUSTRIALES ;ESCUELA SUPERIOR DE INGENIERÍA;6,467;5,000;5,000 -ONP NA;5,000;5,000
2015 ;223505;CÁDIZ;IYA;INGENIERÍA INFORMÁTICA COMPUTACIÓNINGENIERÍA DE COMPUTADORESINGENIERÍA DEL SOFTWARESISTEMAS DE INFORMACIÓNTECNOLOGÍAS DE LA INFORMACIÓN;ESCUELA SUPERIOR DE INGENIERÍA;6,000;5,000;5,000 -ONP NA;5,000;5,000
2015 ;213501;CÁDIZ;IYA;INGENIERÍA MECÁNICA ;ESCUELA SUPERIOR DE INGENIERÍA;7,052;6,390;5,000 -ONP NA;5,000;5,000
2015 ;224509;CÁDIZ;IYA;INGENIERÍA QUÍMICA QUIMICA INDUSTRIAL;FACULTAD DE CIENCIAS;5,000;5,000;5,000 -ONP NA;5,000;5,000
2015 ;294507;CÁDIZ;IYA;INGENIERÍA RADIOELECTRÓNICA ;ESCUELA DE INGENIERÍAS MARINA, NAÚTICA Y RADIOELÉCTRICA;5,000;7,570;5,000 -ONP NA;5,000;5,000
2015 ;295104;CÁDIZ;AYH;LINGÜÍS. Y LENGUAS APLIC.+ESTUDIOS INGLESES ;FACULTAD DE FILOSOFÍA Y LETRAS;7,575;5,000;5,000 -ONP NA;5,000;5,000
2015 ;295004;CÁDIZ;AYH;LINGÜÍSTICA Y LENGUAS APLICADAS ;FACULTAD DE FILOSOFÍA Y LETRAS;5,000;5,000;5,000 -ONP NA;5,000;5,000
2015 ;293007;CÁDIZ;IYA;MARINA ;ESCUELA DE INGENIERÍAS MARINA, NAÚTICA Y RADIOELÉCTRICA;5,000;6,530;5,000 -ONP NA;5,000;5,000
2015 ;249109;CÁDIZ;SYJ;MARKETING E INVESTIG. DE MERCADOS+TURISMO ;FACULTAD DE CIENCIAS SOCIALES Y DE LA COMUNICACIÓN (JEREZ);6,860;5,000;5,000 -ONP NA;5,000;5,000
2015 ;249001;CÁDIZ;SYJ;MARKETING E INVESTIGACIÓN DE MERCADOS ;FACULTAD DE CIENCIAS SOCIALES Y DE LA COMUNICACIÓN (JEREZ);5,000;5,000;5,000 -ONP NA;5,000;5,000
2015 ;239006;CÁDIZ;C;MATEMÁTICAS ;FACULTAD DE CIENCIAS;5,000;5,000;5,617 -OPR NA;5,000;5,000
2015 ;239502;CÁDIZ;SD;MEDICINA ;FACULTAD DE MEDICINA;12,482;8,889;7,242 -OPR AN;5,000;5,000
2015 ;293503;CÁDIZ;IYA;NÁUTICA Y TRANSPORTE MARÍTIMO ;ESCUELA DE INGENIERÍAS MARINA, NAÚTICA Y RADIOELÉCTRICA;5,000;5,000;5,000 -ONP NA;5,000;5,000
2015 ;241509;CÁDIZ;SD;PSICOLOGÍA ;FACULTAD DE CIENCIAS DE LA EDUCACIÓN;8,505;7,842;6,590 -OPR AN;26,083;7,000
2015 ;242200;CÁDIZ;SYJ;PUBL. Y REL. PÚBLICAS+MARKETING E INV. MER ;FACULTAD DE CIENCIAS SOCIALES Y DE LA COMUNICACIÓN (JEREZ);8,786;5,000;5,000 -ONP NA;5,000;5,000
2015 ;242006;CÁDIZ;SYJ;PUBLICIDAD Y RELACIONES PÚBLICAS ;FACULTAD DE CIENCIAS SOCIALES Y DE LA COMUNICACIÓN (JEREZ);7,006;5,000;5,000 -ONP NA;5,000;5,000
2015 ;242103;CÁDIZ;SYJ;PUBLICIDAD Y RELACIONES PÚBLICAS+TURISMO ;FACULTAD DE CIENCIAS SOCIALES Y DE LA COMUNICACIÓN (JEREZ);7,505;5,000;5,000 -ONP NA;5,000;5,000
2015 ;242502;CÁDIZ;C;QUÍMICA ;FACULTAD DE CIENCIAS;7,655;5,000;5,000 -ONP NA;5,000;5,000
2015 ;242601;CÁDIZ;C;QUÍMICA + CC AMBIENTALES ;FACULTAD DE CIENCIAS;6,960;5,000;5,000 -ONP NA;5,000;5,000
2015 ;242804;CÁDIZ;C;QUÍMICA + ENOLOGÍA ;FACULTAD DE CIENCIAS;7,083;5,000;5,000 -ONP NA;5,000;5,000
2015 ;208006;CÁDIZ;SYJ;RELACIONES LABORALES Y RECURSOS HUMANOS ;FACULTAD DE CIENCIAS DEL TRABAJO;5,000;5,000;5,530 -ONP AN;5,000;5,000
2015 ;208010;CÁDIZ;SYJ;RELACIONES LABORALES Y RECURSOS HUMANOS ;FACULTAD DE CIENCIAS DEL TRABAJO (ALG);5,000;5,000;5,427 -OPR NA;5,000;5,000
2015 ;208502;CÁDIZ;SYJ;TRABAJO SOCIAL ;FACULTAD DE CIENCIAS DEL TRABAJO (SEDE  JEREZ);6,957;5,000;5,000 -ONP NA;29,917;6,150
2015 ;208730;CÁDIZ;SYJ;TURISMO ;FACULTAD DE CIENCIAS SOCIALES Y DE LA COMUNICACIÓN (JEREZ);5,000;5,000;5,010 -OPR AN;5,000;5,000
2015 ;325515;CÓRDOBA;SYJ;ADMINISTRACION Y DIRECCIÓN DE EMPRESAS ;FACULTAD DE DERECHO Y CC. ECON. Y EMPRES.;8,201;6,890;5,000 -ONP NA;5,000;5,000
2015 ;325608;CÓRDOBA;SYJ;ADMON. Y DIREC. DE EMPRESA + DERECHO ;FACULTAD DE DERECHO Y CC. ECON. Y EMPRES.;6,916;5,000;5,000 -ONP NA;5,000;5,000
2015 ;326504;CÓRDOBA;C;BIOLOGÍA ;FACULTAD DE CIENCIAS;7,115;5,000;5,000 -ONP NA;5,000;5,000
2015 ;392001;CÓRDOBA;C;BIOQUÍMICA ;FACULTAD DE CIENCIAS;11,561;5,000;5,000 -ONP NA;5,000;5,000
2015 ;392508;CÓRDOBA;C;CIENCIA Y TECNOLOGÍA DE LOS ALIMENTOS ;FACULTAD DE VETERINARIA;7,466;8,440;5,000 -ONP NA;5,000;5,000
2015 ;327001;CÓRDOBA;C;CIENCIAS AMBIENTALES ;FACULTAD DE CIENCIAS;5,000;5,000;5,000 -ONP NA;5,000;5,000
2015 ;329505;CÓRDOBA;SYJ;DERECHO ;FACULTAD DE DERECHO Y CC. ECON. Y EMPRES.;5,120;6,510;5,000 -ONP NA;5,000;5,000
2015 ;345516;CÓRDOBA;SYJ;EDUCACIÓN INFANTIL ;CENTRO MAGISTERIO SAGRADO CORAZÓN (ADS);5,000;7,130;5,000 -ONP NA;5,000;5,000
2015 ;345501;CÓRDOBA;SYJ;EDUCACIÓN INFANTIL ;FACULTAD DE CIENCIAS DE LA EDUCACIÓN;5,902;7,140;5,000 -ONP NA;5,000;5,000
2015 ;346511;CÓRDOBA;SYJ;EDUCACIÓN PRIMARIA ;CENTRO MAGISTERIO SAGRADO CORAZÓN (ADS);5,000;5,000;5,000 -ONP NA;5,000;5,000
2015 ;346505;CÓRDOBA;SYJ;EDUCACIÓN PRIMARIA EDUCACIÓN FÍSICAEDUCACIÓN MUSICALLENGUA EXTRANJERANECESIDADES EDUCATIVAS ESPECÍFICAS;FACULTAD DE CIENCIAS DE LA EDUCACIÓN;6,528;6,517;5,050 -OPR AN;5,000;5,000
2015 ;346524;CÓRDOBA;SYJ;EDUCACIÓN PRIMARIA (ITINERARIO BILINGÜE) ;FACULTAD DE CIENCIAS DE LA EDUCACIÓN;5,750;7,220;5,000 -ONP NA;5,000;5,000
2015 ;302207;CÓRDOBA;SYJ;EDUCACIÓN SOCIAL ;FACULTAD DE CIENCIAS DE LA EDUCACIÓN;7,430;7,070;5,000 -ONP NA;5,000;5,000
2015 ;302509;CÓRDOBA;SD;ENFERMERÍA ;FACULTAD DE MEDICINA Y ENFERMERÍA;10,550;7,520;6,570 -OPR AN;8,456;5,000
2015 ;334502;CÓRDOBA;AYH;ESTUDIOS INGLESES ;FACULTAD DE FILOSOFÍA Y LETRAS;5,900;6,600;5,000 -ONP NA;5,000;5,000
2015 ;334006;CÓRDOBA;AYH;FILOLOGÍA HISPÁNICA ;FACULTAD DE FILOSOFÍA Y LETRAS;5,000;5,000;5,000 -ONP NA;5,000;5,000
2015 ;336003;CÓRDOBA;C;FÍSICA ;FACULTAD DE CIENCIAS;5,000;5,000;5,000 -ONP NA;5,000;5,000
2015 ;303502;CÓRDOBA;SD;FISIOTERAPIA ;FACULTAD DE MEDICINA Y ENFERMERÍA;10,560;8,550;7,880 -OPR AN;5,000;5,000
2015 ;349506;CÓRDOBA;AYH;GESTIÓN CULTURAL ;FACULTAD DE FILOSOFÍA Y LETRAS;5,000;6,560;5,000 -ONP NA;5,000;5,000
2015 ;337503;CÓRDOBA;AYH;HISTORIA ;FACULTAD DE FILOSOFÍA Y LETRAS;5,000;5,000;5,000 -ONP NA;5,000;5,000
2015 ;338000;CÓRDOBA;AYH;HISTORIA DEL ARTE ;FACULTAD DE FILOSOFÍA Y LETRAS;5,000;5,000;5,000 -ONP NA;5,000;5,000
2015 ;397107;CÓRDOBA;C;ING. AGROALIMENTARIA Y DEL MEDIO RURAL + ENOLOGÍA ;E.T.S. INGENIERÍA AGRONÓMICA Y DE MONTES;5,000;6,910;5,000 -ONP NA;5,000;5,000
2015 ;322704;CÓRDOBA;IYA;ING. CIVIL + RECURSOS ENERGÉTICOS Y MINEROS ;ESCUELA POLITÉCNICA SUPERIOR DE BELMEZ;5,000;5,000;5,000 -ONP NA;5,000;5,000
2015 ;322003;CÓRDOBA;IYA;INGENIERÍA AGROALIMENTARIA Y DEL MEDIO RURAL HORTOFRUTICULTURA, JARDINERÍA Y PAISAJISMOINGENIERÍA ALIMENTARIAINGENIERÍA RURALSISTEMAS AGRO-GANADEROS;E.T.S. INGENIERÍA AGRONÓMICA Y DE MONTES;5,000;5,000;5,000 -ONP NA;5,000;5,000
2015 ;322500;CÓRDOBA;IYA;INGENIERÍA CIVIL CONSTRUCCIONES CIVILESHIDROLOGÍA;ESCUELA POLITÉCNICA SUPERIOR DE BELMEZ;5,000;5,000;5,000 -ONP NA;5,000;5,000
2015 ;323708;CÓRDOBA;IYA;INGENIERÍA DE RECURSOS ENERGETICOS Y MINEROS EXPLOTACIÓN DE MINASRECURSOS ENERGÉTICOS, COMBUSTIBLES Y EXPLOSIVOS;ESCUELA POLITÉCNICA SUPERIOR DE BELMEZ;5,000;5,000;5,000 -ONP NA;5,000;5,000
2015 ;312504;CÓRDOBA;IYA;INGENIERÍA ELÉCTRICA ;ESCUELA POLITÉCNICA SUPERIOR DE CÓRDOBA;5,000;6,865;5,000 -ONP NA;5,000;5,000
2015 ;313001;CÓRDOBA;IYA;INGENIERÍA ELECTRÓNICA INDUSTRIAL ;ESCUELA POLITÉCNICA SUPERIOR DE CÓRDOBA;5,000;5,000;5,000 -ONP NA;5,000;5,000
2015 ;324000;CÓRDOBA;IYA;INGENIERÍA FORESTAL EXPLOTACIONES FORESTALES;E.T.S. INGENIERÍA AGRONÓMICA Y DE MONTES;5,000;5,000;5,000 -ONP NA;5,000;5,000
2015 ;323503;CÓRDOBA;IYA;INGENIERÍA INFORMÁTICA COMPUTACIÓNINGENIERÍA DE COMPUTADORESINGENIERÍA DEL SOFTWARE;ESCUELA POLITÉCNICA SUPERIOR DE CÓRDOBA;5,670;5,000;5,000 -ONP NA;5,000;5,000
2015 ;313508;CÓRDOBA;IYA;INGENIERÍA MECÁNICA ;ESCUELA POLITÉCNICA SUPERIOR DE CÓRDOBA;5,000;5,000;5,000 -ONP NA;5,000;5,000
2015 ;339500;CÓRDOBA;SD;MEDICINA ;FACULTAD DE MEDICINA Y ENFERMERÍA;12,569;8,820;6,880 -OPR AN;5,000;5,000
2015 ;342500;CÓRDOBA;C;QUÍMICA ;FACULTAD DE CIENCIAS;5,000;5,000;5,000 -ONP NA;5,000;5,000
2015 ;308004;CÓRDOBA;SYJ;RELACIONES LABORALES Y RECURSOS HUMANOS ASESORÍA JURÍDICO-LABORALMERCADO DE TRABAJO Y EMPLEORECURSOS HUMANOSSALUD LABORAL;FACULTAD DE CIENCIAS DEL TRABAJO;5,000;5,000;5,000 -ONP NA;5,000;5,000
2015 ;343202;CÓRDOBA;AYH;TRADUCCIÓN E INTERPRETACIÓN FRANCÉS ;FACULTAD DE FILOSOFÍA Y LETRAS;6,458;6,100;6,400 -ONP AN;5,000;5,000
2015 ;343301;CÓRDOBA;AYH;TRADUCCIÓN E INTERPRETACIÓN INGLÉS ;FACULTAD DE FILOSOFÍA Y LETRAS;10,470;5,000;5,000 -ONP NA;5,000;5,000
2015 ;334804;CÓRDOBA;AYH;TRADUCCIÓN E INTERPRETACIÓN INGLÉS + ESTUDIOS INGLESES ;FACULTAD DE FILOSOFÍA Y LETRAS;11,051;6,290;5,000 -ONP NA;5,000;5,000
2015 ;308705;CÓRDOBA;SYJ;TURISMO ;FACULTAD DE CIENCIAS DEL TRABAJO;5,000;5,000;5,000 -ONP NA;5,000;5,000
2015 ;343504;CÓRDOBA;SD;VETERINARIA ;FACULTAD DE VETERINARIA;11,206;7,890;7,450 -OPR AN;5,000;5,000
2015 ;425509;GRANADA;SYJ;ADMINISTRACION Y DIRECCIÓN DE EMPRESAS ;F. CIENCIAS ECONÓMICAS Y EMPRESARIALES;8,172;6,850;5,310 -OPR NA;5,000;5,000
2015 ;425513;GRANADA;SYJ;ADMINISTRACION Y DIRECCIÓN DE EMPRESAS ;FACULTAD DE CIENCIAS SOCIALES Y JURÍDICAS (MELILLA);5,000;5,000;5,000 -ONP NA;5,000;5,000
2015 ;425528;GRANADA;SYJ;ADMINISTRACION Y DIRECCIÓN DE EMPRESAS ;FACULTAD DE EDUCACIÓN Y HUMANIDADES (CEUTA);5,000;5,000;5,114 -OPR NA;15,166;6,300
2015 ;425606;GRANADA;SYJ;ADMON. Y DIREC. DE EMPRESA + DERECHO ;F. CIENCIAS ECONÓMICAS Y EMPRESARIALES-F. DERECHO;8,598;6,260;5,000 -ONP NA;5,000;5,000
2015 ;425610;GRANADA;SYJ;ADMON. Y DIREC. DE EMPRESA + DERECHO ;FACULTAD DE CIENCIAS SOCIALES Y JURÍDICAS (MELILLA);5,000;5,000;5,000 -ONP NA;5,000;5,000
2015 ;491502;GRANADA;SYJ;ANTROPOLOGIA SOCIAL Y CULTURAL ;FACULTAD DE FILOSOFÍA Y LETRAS;5,000;7,730;5,000 -ONP NA;5,000;5,000
2015 ;453001;GRANADA;AYH;ARQUEOLOGÍA ;FACULTAD DE FILOSOFÍA Y LETRAS;5,000;5,000;5,000 -ONP NA;5,000;5,000
2015 ;400501;GRANADA;IYA;ARQUITECTURA ;E.T.S. DE ARQUITECTURA;5,000;5,340;5,000 -ONP NA;5,000;5,000
2015 ;426006;GRANADA;AYH;BELLAS ARTES ;FACULTAD DE BELLAS ARTES;7,548;6,800;5,534 -OPR AN;5,000;5,000
2015 ;426502;GRANADA;C;BIOLOGÍA ;FACULTAD DE CIENCIAS;8,558;5,000;5,000 -ONP NA;5,000;5,000
2015 ;492001;GRANADA;C;BIOQUÍMICA ;FACULTAD DE CIENCIAS;12,234;7,170;5,000 -ONP NA;5,000;5,000
2015 ;426707;GRANADA;C;BIOTECNOLOGÍA ;FACULTAD DE CIENCIAS;12,140;8,390;5,000 -ONP NA;11,142;5,880
2015 ;492506;GRANADA;C;CIENCIA Y TECNOLOGÍA DE LOS ALIMENTOS ;FACULTAD DE FARMACIA;5,230;7,860;5,000 -ONP NA;5,000;5,000
2015 ;427001;GRANADA;C;CIENCIAS AMBIENTALES ;FACULTAD DE CIENCIAS;5,000;5,000;5,000 -ONP NA;5,000;5,000
2015 ;427506;GRANADA;SYJ;CIENCIAS DE LA ACTIVIDAD FÍSICA Y DEL DEPORTE ;FACULTAD DE CIENCIAS DEL DEPORTE;10,610;7,900;6,720 -OPR AN;5,000;5,000
2015 ;427603;GRANADA;SYJ;CIENCIAS DE LA ACTIVIDAD FÍSICA Y DEL DEPORTE + PRIMARIA ;FACULTAD DE EDUCACIÓN Y HUMANIDADES (MELILLA);5,000;5,000;5,000 -ONP NA;5,000;5,000
2015 ;428704;GRANADA;SYJ;CIENCIAS POLIT. Y DE LA ADMON. + DERECHO ;F. DE CIENCIAS POLÍTICAS Y SOCIOLOGÍA;5,806;6,390;5,000 -ONP NA;5,000;5,000
2015 ;428501;GRANADA;SYJ;CIENCIAS POLÍTICAS Y DE LA ADMINISTRACIÓN ;F. DE CIENCIAS POLÍTICAS Y SOCIOLOGÍA;5,000;6,690;5,000 -ONP NA;5,000;5,000
2015 ;429007;GRANADA;SYJ;COMUNICACIÓN AUDIOVISUAL ;FACULTAD DE COMUNICACIÓN Y DOCUMENTACIÓN;9,469;5,000;6,350 -OPR AN;5,000;5,000
2015 ;426200;GRANADA;AYH;CONSERVACIÓN Y RESTAURACIÓN DE BIENES CULTURALES ;FACULTAD DE BELLAS ARTES;7,047;8,000;6,680 -OPR AN;5,000;5,000
2015 ;492603;GRANADA;SYJ;CRIMINOLOGÍA ;FACULTAD DE DERECHO;9,978;9,220;6,990 -OPR AN;25,333;7,880
2015 ;429503;GRANADA;SYJ;DERECHO ;FACULTAD DE DERECHO;6,340;7,610;5,140 -OPR AN;5,000;5,000
2015 ;430001;GRANADA;SYJ;ECONOMÍA ;F. CIENCIAS ECONÓMICAS Y EMPRESARIALES;5,480;5,000;5,000 -ONP NA;5,000;5,000
2015 ;401007;GRANADA;IYA;EDIFICACIÓN ;ESCUELA TÉCNICA SUPERIOR DE INGENIERÍA DE EDIFICICACIÓN;5,000;5,000;5,000 -ONP NA;5,000;5,000
2015 ;445514;GRANADA;SYJ;EDUCACIÓN INFANTIL ;CENTRO PROFESORADO LA INMACULADA CONCEPCIÓN (ADS);5,000;5,000;5,000 -ONP NA;5,000;5,000
2015 ;445501;GRANADA;SYJ;EDUCACIÓN INFANTIL ;FACULTAD DE CIENCIAS DE LA EDUCACIÓN;6,500;8,020;5,000 -ONP NA;5,000;5,000
2015 ;445529;GRANADA;SYJ;EDUCACIÓN INFANTIL ;FACULTAD DE EDUCACIÓN Y HUMANIDADES (CEUTA);5,000;5,000;5,000 -ONP NA;5,000;5,000
2015 ;445533;GRANADA;SYJ;EDUCACIÓN INFANTIL ;FACULTAD DE EDUCACIÓN Y HUMANIDADES (MELILLA);5,000;6,980;5,000 -ONP NA;5,000;5,000
2015 ;446518;GRANADA;SYJ;EDUCACIÓN PRIMARIA ;CENTRO PROFESORADO LA INMACULADA CONCEPCIÓN (ADS);5,000;5,000;5,000 -ONP NA;5,000;5,000
2015 ;446503;GRANADA;SYJ;EDUCACIÓN PRIMARIA ;FACULTAD DE CIENCIAS DE LA EDUCACIÓN;6,330;7,340;5,517 -ONP AN;5,000;5,000
2015 ;446522;GRANADA;SYJ;EDUCACIÓN PRIMARIA ;FACULTAD DE EDUCACIÓN Y HUMANIDADES (CEUTA);5,000;7,320;5,000 -ONP NA;5,000;5,000
2015 ;446537;GRANADA;SYJ;EDUCACIÓN PRIMARIA ;FACULTAD DE EDUCACIÓN Y HUMANIDADES (MELILLA);5,000;5,000;5,000 -ONP NA;5,000;5,000
2015 ;446541;GRANADA;SYJ;EDUCACIÓN PRIMARIA (grupo formación bilingüe) ;FACULTAD DE CIENCIAS DE LA EDUCACIÓN;9,836;7,760;7,220 -OPR AN;5,000;5,000
2015 ;402205;GRANADA;SYJ;EDUCACIÓN SOCIAL ;FACULTAD DE CIENCIAS DE LA EDUCACIÓN;6,446;7,580;5,800 -ONP AN;5,000;5,000
2015 ;402211;GRANADA;SYJ;EDUCACIÓN SOCIAL ;FACULTAD DE EDUCACIÓN Y HUMANIDADES (CEUTA);5,000;5,000;6,407 -ONP NA;5,000;5,000
2015 ;402224;GRANADA;SYJ;EDUCACIÓN SOCIAL ;FACULTAD DE EDUCACIÓN Y HUMANIDADES (MELILLA);5,000;5,000;5,000 -ONP NA;5,000;5,000
2015 ;402507;GRANADA;SD;ENFERMERÍA ;FACULTAD DE CIENCIAS DE LA SALUD;10,753;8,420;7,090 -OPR AN;14,830;6,900
2015 ;402526;GRANADA;SD;ENFERMERÍA ;FACULTAD DE CIENCIAS DE LA SALUD (CEUTA);7,780;7,030;5,667 -OPR AN;5,000;5,000
2015 ;402530;GRANADA;SD;ENFERMERÍA ;FACULTAD DE CIENCIAS DE LA SALUD (MELILLA);7,700;7,440;5,280 -OPR AN;5,000;5,000
2015 ;403004;GRANADA;C;ESTADÍSTICA ;FACULTAD DE CIENCIAS;5,000;5,000;5,000 -ONP NA;5,000;5,000
2015 ;431501;GRANADA;AYH;ESTUDIOS ÁRABES E ISLÁMICOS ;FACULTAD DE FILOSOFÍA Y LETRAS;5,000;5,000;6,575 -ONP AN;5,000;5,000
2015 ;433000;GRANADA;AYH;ESTUDIOS FRANCESES ;FACULTAD DE FILOSOFÍA Y LETRAS;5,000;5,700;5,000 -ONP NA;5,000;5,000
2015 ;434500;GRANADA;AYH;ESTUDIOS INGLESES ;FACULTAD DE FILOSOFÍA Y LETRAS;7,701;7,186;5,000 -ONP NA;5,000;5,000
2015 ;430506;GRANADA;SD;FARMACIA ;FACULTAD DE FARMACIA;8,283;7,540;5,000 -ONP NA;5,000;5,000
2015 ;432007;GRANADA;AYH;FILOLOGÍA CLÁSICA ;FACULTAD DE FILOSOFÍA Y LETRAS;5,000;5,000;5,000 -ONP NA;5,000;5,000
2015 ;434004;GRANADA;AYH;FILOLOGÍA HISPÁNICA ;FACULTAD DE FILOSOFÍA Y LETRAS;5,894;9,231;5,000 -ONP NA;5,000;5,000
2015 ;435504;GRANADA;AYH;FILOSOFÍA ;FACULTAD DE FILOSOFÍA Y LETRAS;5,000;7,243;5,000 -ONP NA;5,000;5,000
2015 ;402000;GRANADA;SYJ;FINANZAS Y CONTABILIDAD ;F. CIENCIAS ECONÓMICAS Y EMPRESARIALES;6,270;6,510;5,000 -ONP NA;5,000;5,000
2015 ;436001;GRANADA;C;FÍSICA ;FACULTAD DE CIENCIAS;5,616;5,850;5,000 -ONP NA;5,000;5,000
2015 ;403500;GRANADA;SD;FISIOTERAPIA ;FACULTAD DE CIENCIAS DE LA SALUD;11,631;8,750;6,510 -OPR AN;7,246;5,000
2015 ;436702;GRANADA;SYJ;GEOGRAFÍA Y GESTIÓN DEL TERRITORIO ;FACULTAD DE FILOSOFÍA Y LETRAS;5,000;5,000;5,000 -ONP NA;5,000;5,000
2015 ;437005;GRANADA;C;GEOLOGÍA ;FACULTAD DE CIENCIAS;5,000;5,000;5,493 -ONP AN;5,000;5,000
2015 ;437501;GRANADA;AYH;HISTORIA ;FACULTAD DE FILOSOFÍA Y LETRAS;5,000;7,030;5,000 -ONP AN;5,000;5,000
2015 ;438009;GRANADA;AYH;HISTORIA DEL ARTE ;FACULTAD DE FILOSOFÍA Y LETRAS;5,000;5,000;5,000 -ONP NA;5,000;5,000
2015 ;499005;GRANADA;AYH;HISTORIA Y CIENCIAS DE LA MÚSICA ;FACULTAD DE FILOSOFÍA Y LETRAS;5,533;8,980;6,300 -OPR NA;5,000;5,000
2015 ;401503;GRANADA;SYJ;INFORMACIÓN Y DOCUMENTACIÓN ;FACULTAD DE COMUNICACIÓN Y DOCUMENTACIÓN;5,000;6,710;6,792 -ONP AN;5,000;5,000
2015 ;422508;GRANADA;IYA;INGENIERÍA CIVIL ;E.T.S. DE INGENIERÍA DE CAMINOS, CANALES Y PUERTOS;5,000;5,000;5,000 -ONP NA;5,000;5,000
2015 ;425002;GRANADA;IYA;INGENIERÍA DE TECNOLOGÍAS DE TELECOMUNICACIÓN ;E.T.S. DE INGENIERÍAS DE INFORMÁTICA Y DE TELECOMUNICACIÓN;8,512;5,000;5,000 -ONP NA;5,000;5,000
2015 ;412901;GRANADA;IYA;INGENIERÍA ELECTRÓNICA INDUSTRIAL ;FACULTAD DE CIENCIAS;9,294;7,400;5,000 -ONP NA;5,000;5,000
2015 ;423501;GRANADA;IYA;INGENIERÍA INFORMÁTICA ;E.T.S. DE INGENIERÍAS DE INFORMÁTICA Y DE TELECOMUNICACIÓN;6,857;6,930;5,000 -ONP NA;5,000;5,000
2015 ;423516;GRANADA;IYA;INGENIERÍA INFORMÁTICA ;FACULTAD DE EDUCACIÓN Y HUMANIDADES (CEUTA);5,000;5,000;8,124 -OPR NA;5,000;5,000
2015 ;423404;GRANADA;IYA;INGENIERIA INFORMÁTICA +  MATEMÁTICAS ;FACULTAD DE CIENCIAS;9,553;7,770;5,000 -ONP NA;5,000;5,000
2015 ;424505;GRANADA;IYA;INGENIERÍA QUÍMICA ;FACULTAD DE CIENCIAS;5,000;5,000;5,000 -ONP NA;5,000;5,000
2015 ;432503;GRANADA;AYH;LENGUAS MODERNAS Y SUS LITERATURAS ;FACULTAD DE FILOSOFÍA Y LETRAS;6,686;8,533;5,000 -ONP NA;5,000;5,000
2015 ;498508;GRANADA;AYH;LITERATURAS COMPARADAS ;FACULTAD DE FILOSOFÍA Y LETRAS;5,000;8,000;5,000 -ONP NA;5,000;5,000
2015 ;405001;GRANADA;SD;LOGOPEDIA ;FACULTAD DE PSICOLOGÍA;6,943;8,000;5,960 -OPR NA;5,000;5,000
2015 ;449008;GRANADA;SYJ;MARKETING E INVESTIGACIÓN DE MERCADOS ;F. CIENCIAS ECONÓMICAS Y EMPRESARIALES;8,630;6,070;7,170 -ONP AN;5,000;5,000
2015 ;439002;GRANADA;C;MATEMÁTICAS ;FACULTAD DE CIENCIAS;5,600;6,290;5,000 -ONP NA;5,000;5,000
2015 ;439509;GRANADA;SD;MEDICINA ;FACULTAD DE MEDICINA;12,669;9,120;6,970 -OPR AN;5,000;5,000
2015 ;406201;GRANADA;SD;NUTRICIÓN HUMANA Y DIETÉTICA ;FACULTAD DE FARMACIA;8,740;8,700;6,560 -OPR AN;5,000;5,000
2015 ;440005;GRANADA;SD;ODONTOLOGÍA ;FACULTAD DE ODONTOLOGÍA;11,654;8,600;7,320 -OPR AN;5,000;5,000
2015 ;406501;GRANADA;C;ÓPTICA Y OPTOMETRÍA ;FACULTAD DE CIENCIAS;6,541;5,000;5,000 -ONP NA;5,000;5,000
2015 ;440501;GRANADA;SYJ;PEDAGOGÍA ;FACULTAD DE CIENCIAS DE LA EDUCACIÓN;6,003;7,162;5,000 -ONP NA;5,000;5,000
2015 ;441505;GRANADA;SD;PSICOLOGÍA ;FACULTAD DE PSICOLOGÍA;7,779;8,350;5,460 -OPR AN;5,000;5,000
2015 ;442509;GRANADA;C;QUÍMICA ;FACULTAD DE CIENCIAS;6,114;7,400;5,890 -ONP AN;5,000;5,000
2015 ;408002;GRANADA;SYJ;RELACIONES LABORALES Y RECURSOS HUMANOS ;FACULTAD DE CIENCIAS DEL TRABAJO;5,000;5,000;5,000 -ONP NA;5,000;5,000
2015 ;408017;GRANADA;SYJ;RELACIONES LABORALES Y RECURSOS HUMANOS ;FACULTAD DE CIENCIAS SOCIALES Y JURÍDICAS (MELILLA);5,000;5,100;5,000 -ONP NA;5,000;5,000
2015 ;442703;GRANADA;SYJ;SOCIOLOGÍA ;F. DE CIENCIAS POLÍTICAS Y SOCIOLOGÍA;5,000;5,000;5,000 -ONP NA;5,000;5,000
2015 ;408207;GRANADA;SD;TERAPIA OCUPACIONAL ;FACULTAD DE CIENCIAS DE LA SALUD;8,637;7,980;5,090 -ONP AN;8,080;5,850
2015 ;408509;GRANADA;SYJ;TRABAJO SOCIAL ;FACULTAD DE TRABAJO SOCIAL;6,380;5,000;5,200 -OPR AN;5,000;5,000
2015 ;443103;GRANADA;AYH;TRADUCCIÓN E INTERPRETACIÓN ALEMÁN ;F. TRADUCCIÓN E INTERPRETACIÓN;7,480;5,000;5,000 -ONP NA;5,000;5,000
2015 ;443405;GRANADA;AYH;TRADUCCIÓN E INTERPRETACIÓN ÁRABE ;F. TRADUCCIÓN E INTERPRETACIÓN;5,671;5,000;5,890 -OPR AN;5,000;5,000
2015 ;443200;GRANADA;AYH;TRADUCCIÓN E INTERPRETACIÓN FRANCÉS ;F. TRADUCCIÓN E INTERPRETACIÓN;9,605;6,970;5,000 -ONP NA;5,000;5,000
2015 ;443308;GRANADA;AYH;TRADUCCIÓN E INTERPRETACIÓN INGLÉS ;F. TRADUCCIÓN E INTERPRETACIÓN;12,167;7,490;6,290 -OPR AN;5,000;5,000
2015 ;408703;GRANADA;SYJ;TURISMO ;F. CIENCIAS ECONÓMICAS Y EMPRESARIALES;5,380;6,330;5,000 -ONP NA;5,000;5,000
2015 ;525507;HUELVA;SYJ;ADMINISTRACION Y DIRECCIÓN DE EMPRESAS ;FACULTAD DE CIENCIAS EMPRESARIALES;5,000;5,000;8,080 -ONP AN;5,000;5,000
2015 ;525906;HUELVA;SYJ;ADMÓN. Y DIRECC. EMP. + FINANZAS Y CONTABI ;FACULTAD DE CIENCIAS EMPRESARIALES;5,340;5,000;5,000 -ONP NA;5,000;5,000
2015 ;525809;HUELVA;SYJ;ADMÓN. Y DIRECC. EMP. + TURISMO ;FACULTAD DE CIENCIAS EMPRESARIALES;5,000;5,000;5,000 -ONP NA;5,000;5,000
2015 ;527008;HUELVA;C;CIENCIAS AMBIENTALES ;FACULTAD DE CIENCIAS EXPERIMENTALES;5,000;6,510;5,000 -ONP NA;5,000;5,000
2015 ;527504;HUELVA;SYJ;CIENCIAS DE LA ACTIVIDAD FÍSICA Y DEL DEPORTE ;FACULTAD DE CIENCIAS DE LA EDUCACIÓN;9,580;8,090;6,010 -OPR AN;5,000;5,000
2015 ;529501;HUELVA;SYJ;DERECHO ;FACULTAD DE DERECHO;5,008;6,660;5,000 -ONP NA;5,643;5,000
2015 ;545508;HUELVA;SYJ;EDUCACIÓN INFANTIL ;FACULTAD DE CIENCIAS DE LA EDUCACIÓN;6,580;7,130;5,030 -OPR NA;5,000;5,000
2015 ;546501;HUELVA;SYJ;EDUCACIÓN PRIMARIA ;FACULTAD DE CIENCIAS DE LA EDUCACIÓN;5,128;5,000;5,000 -ONP NA;5,000;5,000
2015 ;502203;HUELVA;SYJ;EDUCACIÓN SOCIAL ;FACULTAD DE CIENCIAS DE LA EDUCACIÓN;5,000;5,000;5,000 -ONP NA;5,000;5,000
2015 ;502505;HUELVA;SD;ENFERMERÍA ;FACULTAD DE ENFERMERÍA;9,464;7,640;6,183 -OPR AN;5,000;5,000
2015 ;534509;HUELVA;AYH;ESTUDIOS INGLESES ;FACULTAD DE HUMANIDADES;5,000;7,000;5,000 -ONP NA;5,000;5,000
2015 ;534703;HUELVA;AYH;ESTUDIOS INGLESES + FILOLOGÍA HISPÁNICA ;FACULTAD DE HUMANIDADES;5,000;5,000;5,000 -ONP NA;5,000;5,000
2015 ;534002;HUELVA;AYH;FILOLOGÍA HISPÁNICA ;FACULTAD DE HUMANIDADES;5,000;5,000;5,000 -ONP NA;5,000;5,000
2015 ;502009;HUELVA;SYJ;FINANZAS Y CONTABILIDAD ;FACULTAD DE CIENCIAS EMPRESARIALES;5,000;5,000;5,000 -ONP NA;5,000;5,000
2015 ;537003;HUELVA;C;GEOLOGÍA ;FACULTAD DE CIENCIAS EXPERIMENTALES;5,000;5,000;5,020 -ONP AN;5,000;5,000
2015 ;537208;HUELVA;C;GEOLOGÍA + CIENCIAS AMBIENTALES ;FACULTAD DE CIENCIAS EXPERIMENTALES;5,000;5,000;5,000 -ONP NA;5,000;5,000
2015 ;549502;HUELVA;AYH;GESTION CULTURAL ;FACULTAD DE HUMANIDADES;5,000;5,000;7,810 -ONP AN;5,000;5,000
2015 ;549517;HUELVA;AYH;GESTION CULTURAL - SEMIPRESENCIAL ;FACULTAD DE HUMANIDADES;5,000;5,000;6,900 -ONP AN;5,000;5,000
2015 ;537501;HUELVA;AYH;HISTORIA ;FACULTAD DE HUMANIDADES;5,000;5,000;5,000 -ONP NA;5,000;5,000
2015 ;538503;HUELVA;AYH;HUMANIDADES ;FACULTAD DE HUMANIDADES;5,000;6,920;5,000 -ONP NA;5,000;5,000
2015 ;522001;HUELVA;IYA;INGENIERÍA AGRÍCOLA ;ESCUELA TECNICA SUPERIOR DE INGENIERÍA;5,000;6,190;5,000 -ONP NA;5,000;5,000
2015 ;512500;HUELVA;IYA;INGENIERÍA ELÉCTRICA ;ESCUELA TECNICA SUPERIOR DE INGENIERÍA;5,000;5,000;5,000 -ONP NA;5,000;5,000
2015 ;513008;HUELVA;IYA;INGENIERÍA ELECTRÓNICA INDUSTRIAL ;ESCUELA TECNICA SUPERIOR DE INGENIERÍA;5,000;5,000;5,000 -ONP NA;5,000;5,000
2015 ;517002;HUELVA;IYA;INGENIERÍA EN EXPLOTACIÓN DE MINAS Y REC. ENERG. ;ESCUELA TECNICA SUPERIOR DE INGENIERÍA;5,000;5,810;5,000 -ONP NA;5,000;5,000
2015 ;516904;HUELVA;IYA;INGENIERÍA ENERGÉTICA ;ESCUELA TECNICA SUPERIOR DE INGENIERÍA;5,000;5,000;5,000 -ONP NA;5,000;5,000
2015 ;524007;HUELVA;IYA;INGENIERÍA FORESTAL Y DEL MEDIO NATURAL ;ESCUELA TECNICA SUPERIOR DE INGENIERÍA;5,000;6,080;5,000 -ONP NA;5,000;5,000
2015 ;523501;HUELVA;IYA;INGENIERÍA INFORMÁTICA ;ESCUELA TECNICA SUPERIOR DE INGENIERÍA;5,000;5,710;5,000 -ONP NA;5,000;5,000
2015 ;513504;HUELVA;IYA;INGENIERÍA MECÁNICA ;ESCUELA TECNICA SUPERIOR DE INGENIERÍA;5,000;6,610;5,000 -ONP NA;5,000;5,000
2015 ;514001;HUELVA;IYA;INGENIERÍA QUÍMICA INDUSTRIAL ;ESCUELA TECNICA SUPERIOR DE INGENIERÍA;5,000;5,000;5,000 -ONP NA;5,000;5,000
2015 ;541503;HUELVA;SD;PSICOLOGÍA ;FACULTAD DE CIENCIAS DE LA EDUCACIÓN;6,794;7,930;5,290 -OPR AN;5,000;5,000
2015 ;542507;HUELVA;C;QUÍMICA ;FACULTAD DE CIENCIAS EXPERIMENTALES;5,000;6,820;5,000 -ONP NA;5,000;5,000
2015 ;508000;HUELVA;SYJ;RELACIONES LABORALES Y RECURSOS HUMANOS ;FACULTAD DE CIENCIAS DEL TRABAJO;5,000;5,000;6,710 -ONP AN;5,000;5,000
2015 ;508015;HUELVA;SYJ;RELACIONES LABORALES Y RECURSOS HUMANOS - SEMIPRESENCIAL ;FACULTAD DE CIENCIAS DEL TRABAJO;5,000;5,700;5,000 -ONP NA;22,936;5,000
2015 ;508507;HUELVA;SYJ;TRABAJO SOCIAL ;FACULTAD DE TRABAJO SOCIAL;5,000;5,000;5,000 -ONP NA;5,000;5,000
2015 ;508701;HUELVA;SYJ;TURISMO ;FACULTAD DE CIENCIAS EMPRESARIALES;5,000;5,000;5,000 -ONP NA;5,000;5,000
2015 ;625505;JAÉN;SYJ;ADMINISTRACION Y DIRECCIÓN DE EMPRESAS ;FACULTAD CIENCIAS SOCIALES Y JURÍDICAS;5,000;5,000;5,729 -OPR AN;5,000;5,000
2015 ;625602;JAÉN;SYJ;ADMON. Y DIREC. DE EMPRESA + DERECHO ;FACULTAD CIENCIAS SOCIALES Y JURÍDICAS;5,000;5,000;5,146 -OPR AN;5,000;5,000
2015 ;653008;JAÉN;AYH;ARQUEOLOGÍA ;F. HUMANIDADES Y CIENCIAS DE LA EDUCACIÓN;5,000;7,870;5,000 -ONP NA;5,000;5,000
2015 ;626509;JAÉN;C;BIOLOGÍA ;FACULTAD DE CIENCIAS EXPERIMENTALES;5,756;7,120;5,296 -ONP AN;5,000;5,000
2015 ;627006;JAÉN;C;CIENCIAS AMBIENTALES ;FACULTAD DE CIENCIAS EXPERIMENTALES;5,000;5,000;5,000 -ONP NA;5,000;5,000
2015 ;629501;JAÉN;SYJ;DERECHO ;FACULTAD CIENCIAS SOCIALES Y JURÍDICAS;5,000;5,000;6,240 -OPR AN;5,000;5,000
2015 ;645510;JAÉN;SYJ;EDUCACIÓN INFANTIL ;CENTRO DE PROFESORADO  SAGRADA FAMILIA  (ADS) (ÚBEDA);5,000;5,000;5,000 -ONP NA;5,000;5,000
2015 ;645506;JAÉN;SYJ;EDUCACIÓN INFANTIL ;F. HUMANIDADES Y CIENCIAS DE LA EDUCACIÓN;5,000;5,000;5,404 -OPR AN;5,000;5,000
2015 ;646514;JAÉN;SYJ;EDUCACIÓN PRIMARIA ;CENTRO DE PROFESORADO  SAGRADA FAMILIA  (ADS) (ÚBEDA);5,000;7,080;5,000 -ONP NA;5,000;5,000
2015 ;646501;JAÉN;SYJ;EDUCACIÓN PRIMARIA ;F. HUMANIDADES Y CIENCIAS DE LA EDUCACIÓN;5,000;5,000;5,010 -ONP AN;5,000;5,000
2015 ;602201;JAÉN;SYJ;EDUCACIÓN SOCIAL ;F. HUMANIDADES Y CIENCIAS DE LA EDUCACIÓN;5,000;5,000;5,000 -ONP NA;5,000;5,000
2015 ;602503;JAÉN;SD;ENFERMERÍA ;FACULTAD DE CIENCIAS DE LA SALUD;10,008;7,690;6,650 -OPR AN;20,078;7,400
2015 ;603000;JAÉN;SYJ;ESTADÍSTICA Y EMPRESA ;FACULTAD CIENCIAS SOCIALES Y JURÍDICAS;5,000;5,000;5,000 -ONP NA;5,000;5,000
2015 ;634507;JAÉN;AYH;ESTUDIOS INGLESES ;F. HUMANIDADES Y CIENCIAS DE LA EDUCACIÓN;5,000;5,000;5,000 -ONP NA;5,000;5,000
2015 ;634000;JAÉN;AYH;FILOLOGÍA HISPÁNICA ;F. HUMANIDADES Y CIENCIAS DE LA EDUCACIÓN;5,000;5,000;6,110 -OPR AN;5,000;5,000
2015 ;602007;JAÉN;SYJ;FINANZAS Y CONTABILIDAD ;FACULTAD CIENCIAS SOCIALES Y JURÍDICAS;5,000;5,000;5,000 -ONP NA;5,000;5,000
2015 ;603507;JAÉN;SD;FISIOTERAPIA ;FACULTAD DE CIENCIAS DE LA SALUD;9,960;8,422;6,760 -OPR AN;5,000;5,000
2015 ;636806;JAÉN;AYH;GEOGRAFÍA E HISTORIA ;F. HUMANIDADES Y CIENCIAS DE LA EDUCACIÓN;5,000;5,000;5,000 -ONP NA;5,000;5,000
2015 ;604004;JAÉN;SYJ;GESTIÓN Y ADMINISTRACIÓN PÚBLICA ;FACULTAD CIENCIAS SOCIALES Y JURÍDICAS;5,000;5,000;5,734 -ONP NA;21,998;5,000
2015 ;638005;JAÉN;AYH;HISTORIA DEL ARTE ;F. HUMANIDADES Y CIENCIAS DE LA EDUCACIÓN;5,000;5,000;5,000 -ONP NA;5,000;5,000
2015 ;622504;JAÉN;IYA;INGENIERÍA CIVIL ;E. POLITÉCNICA SUPERIOR DE LINARES;5,000;5,000;5,000 -ONP NA;5,000;5,000
2015 ;695503;JAÉN;IYA;INGENIERÍA DE ORGANIZACIÓN INDUSTRIAL ;E. POLITÉCNICA SUPERIOR;5,000;5,000;5,000 -ONP NA;5,000;5,000
2015 ;617000;JAÉN;IYA;INGENIERÍA DE RECURSOS ENERGÉTICOS ;E. POLITÉCNICA SUPERIOR DE LINARES;5,000;5,000;5,000 -ONP NA;5,000;5,000
2015 ;625009;JAÉN;IYA;INGENIERÍA DE TECNOLOGÍAS DE TELECOMUNICACIÓN SISTEMAS DE TELECOMUNICACIÓNSONIDO E IMAGENSUMA DE ANTERIORES;E. POLITÉCNICA SUPERIOR DE LINARES;5,000;5,000;5,000 -ONP NA;5,000;5,000
2015 ;623702;JAÉN;IYA;INGENIERÍA DE TECNOLOGÍAS MINERAS EXPLOTACIÓN DE MINASSONDEOS Y PROSPECCIONES MINERASSUMA DE ANTERIORES;E. POLITÉCNICA SUPERIOR DE LINARES;5,000;5,276;5,000 -ONP NA;5,000;5,000
2015 ;612509;JAÉN;IYA;INGENIERÍA ELÉCTRICA GENERACIÓN ELÉCTRICA CON ENERGÍAS RENOVABLESINSTALACIONES ELÉCTRICASSISTEMAS ELÉCTRICOS;E. POLITÉCNICA SUPERIOR;5,000;5,000;5,000 -ONP NA;5,000;5,000
2015 ;612513;JAÉN;IYA;INGENIERÍA ELÉCTRICA ;E. POLITÉCNICA SUPERIOR DE LINARES;5,000;5,000;5,000 -ONP NA;5,000;5,000
2015 ;613006;JAÉN;IYA;INGENIERÍA ELECTRÓNICA INDUSTRIAL AUTOMÁTICASISTEMAS ELECTRÓNICOSSISTEMAS FOTOVOLTAICOS;E. POLITÉCNICA SUPERIOR;5,000;6,410;5,000 -ONP NA;5,000;5,000
2015 ;621500;JAÉN;IYA;INGENIERÍA GEOMÁTICA Y TOPOGRÁFICA ;E. POLITÉCNICA SUPERIOR;5,000;5,000;5,000 -ONP NA;5,000;5,000
2015 ;623508;JAÉN;IYA;INGENIERÍA INFORMÁTICA INGENIERÍA DEL SOFTWARESISTEMAS DE INFORMACIÓNTECNOLOGÍAS DE LA INFORMACIÓN;E. POLITÉCNICA SUPERIOR;5,000;5,000;5,000 -ONP NA;5,000;5,000
2015 ;613502;JAÉN;IYA;INGENIERÍA MECÁNICA CONSTRUCCIÓN INDUSTRIALINGENIERÍA Y FABRICACIÓN MECÁNICAINSTALACIONES TÉRMICAS Y DE FLUIDOS;E. POLITÉCNICA SUPERIOR;5,000;5,000;5,000 -ONP NA;5,000;5,000
2015 ;613517;JAÉN;IYA;INGENIERÍA MECÁNICA ;E. POLITÉCNICA SUPERIOR DE LINARES;5,000;6,000;5,365 -ONP NA;5,000;5,000
2015 ;614001;JAÉN;IYA;INGENIERÍA QUÍMICA INDUSTRIAL ;E. POLITÉCNICA SUPERIOR DE LINARES;5,000;5,000;5,000 -ONP NA;5,000;5,000
2015 ;621004;JAÉN;IYA;INGENIERÍA TELEMÁTICA ;E. POLITÉCNICA SUPERIOR DE LINARES;5,000;6,920;5,000 -ONP NA;5,000;5,000
2015 ;641501;JAÉN;SD;PSICOLOGÍA ;F. HUMANIDADES Y CIENCIAS DE LA EDUCACIÓN;6,370;5,000;5,000 -ONP NA;5,000;5,000
2015 ;642505;JAÉN;C;QUÍMICA ;FACULTAD DE CIENCIAS EXPERIMENTALES;5,000;5,000;5,000 -ONP NA;5,000;5,000
2015 ;608009;JAÉN;SYJ;RELACIONES LABORALES Y RECURSOS HUMANOS ;FACULTAD CIENCIAS SOCIALES Y JURÍDICAS;5,000;5,000;5,042 -OPR AN;5,000;5,000
2015 ;608505;JAÉN;SYJ;TRABAJO SOCIAL ;FACULTAD DE TRABAJO SOCIAL;5,000;5,000;5,000 -ONP NA;5,000;5,000
2015 ;608701;JAÉN;SYJ;TURISMO ;FACULTAD CIENCIAS SOCIALES Y JURÍDICAS;5,000;5,000;5,000 -ONP NA;5,000;5,000
2015 ;725503;MÁLAGA;SYJ;ADMINISTRACION Y DIRECCIÓN DE EMPRESAS ;FACULTAD DE CIENCIAS ECONÓMICAS Y EMPRESARIALES;7,796;6,790;5,810 -OPR NA;5,000;5,000
2015 ;725600;MÁLAGA;SYJ;ADMON. Y DIREC. DE EMPRESA + DERECHO ;FACULTAD DE CIENCIAS ECONÓMICAS Y EMPRESARIALES;10,677;7,030;5,730 -OPR AN;5,000;5,000
2015 ;700504;MÁLAGA;IYA;ARQUITECTURA ;E.T.S. ARQUITECTURA;7,281;7,550;5,000 -ONP NA;5,000;5,000
2015 ;726000;MÁLAGA;AYH;BELLAS ARTES ;FACULTAD DE BELLAS ARTES;8,009;8,250;5,710 -OPR AN;38,250;5,350
2015 ;726507;MÁLAGA;C;BIOLOGÍA ;FACULTAD DE CIENCIAS;7,950;5,000;5,000 -ONP NA;5,000;5,000
2015 ;792004;MÁLAGA;C;BIOQUÍMICA ;FACULTAD DE CIENCIAS;11,702;8,795;6,809 -OPR AN;5,000;5,000
2015 ;727004;MÁLAGA;C;CIENCIAS AMBIENTALES ;FACULTAD DE CIENCIAS;5,000;5,000;5,000 -ONP NA;5,000;5,000
2015 ;729001;MÁLAGA;SYJ;COMUNICACIÓN AUDIOVISUAL DIRECTOR, GUIONISTA Y REALIZADOR AUDIOVISUALDISEÑO DE PRODUCCIÓN Y POSTPRODUCCIÓN VISUAL Y SONORAPRODUCTOR Y GESTOR AUDIOVISUAL;FACULTAD CIENCIAS DE LA COMUNICACIÓN;8,450;5,000;5,920 -OPR AN;5,000;5,000
2015 ;792608;MÁLAGA;SYJ;CRIMINOLOGÍA ;FACULTAD DE DERECHO;9,453;8,270;5,870 -OPR AN;19,311;6,750
2015 ;729508;MÁLAGA;SYJ;DERECHO ;FACULTAD DE DERECHO;7,936;6,950;5,920 -OPR AN;5,000;5,000
2015 ;730004;MÁLAGA;SYJ;ECONOMÍA ;FACULTAD DE CIENCIAS ECONÓMICAS Y EMPRESARIALES;6,854;6,380;6,177 -OPR NA;5,000;5,000
2015 ;725708;MÁLAGA;SYJ;ECONOMÍA + ADMON. Y DIR.DE EMPRESA(grupo formación bilingüe) ;FACULTAD DE CIENCIAS ECONÓMICAS Y EMPRESARIALES;10,726;5,000;5,000 -ONP NA;5,000;5,000
2015 ;745519;MÁLAGA;SYJ;EDUCACIÓN INFANTIL ;CENTRO MAGISTERIO MARÍA INMACULADA (ADS) (ANTEQUERA);5,000;7,530;5,030 -OPR AN;5,000;5,000
2015 ;745504;MÁLAGA;SYJ;EDUCACIÓN INFANTIL ;FACULTAD CIENCIAS DE LA EDUCACIÓN;8,000;8,660;6,090 -OPR AN;5,000;5,000
2015 ;746512;MÁLAGA;SYJ;EDUCACIÓN PRIMARIA ;CENTRO MAGISTERIO MARÍA INMACULADA (ADS) (ANTEQUERA);5,000;8,200;5,000 -ONP NA;5,000;5,000
2015 ;746508;MÁLAGA;SYJ;EDUCACIÓN PRIMARIA EDUCACIÓN FÍSICAEDUCACIÓN MUSICALESCUELA INCLUSIVA Y ATENCIÓN A LA DIVERSIDADLENGUA EXTRANJERA;FACULTAD CIENCIAS DE LA EDUCACIÓN;7,910;8,280;6,340 -OPR AN;5,000;5,000
2015 ;746527;MÁLAGA;SYJ;EDUCACIÓN PRIMARIA (grupo formación bilingüe) ;FACULTAD CIENCIAS DE LA EDUCACIÓN;8,999;8,680;6,700 -OPR AN;5,000;5,000
2015 ;702201;MÁLAGA;SYJ;EDUCACIÓN SOCIAL ;FACULTAD CIENCIAS DE LA EDUCACIÓN;7,697;7,700;5,620 -OPR AN;5,000;5,000
2015 ;702516;MÁLAGA;SD;ENFERMERÍA ;CENTRO ENFERMERÍA VIRGEN DE LA PAZ  (ADS) (RONDA);9,680;7,530;6,630 -OPR AN;5,000;5,000
2015 ;702501;MÁLAGA;SD;ENFERMERÍA ;FACULTAD DE CIENCIAS DE LA SALUD;10,880;8,160;6,790 -OPR AN;19,000;5,125
2015 ;750501;MÁLAGA;AYH;ESTUDIOS DE ASIA ORIENTAL COREANO;FACULTAD DE ESTUDIOS SOCIALES Y DEL TRABAJO;6,543;6,890;5,000 -ONP NA;5,000;6,330
2015 ;734505;MÁLAGA;AYH;ESTUDIOS INGLESES ;FACULTAD DE FILOSOFÍA Y LETRAS;5,522;5,000;5,000 -ONP NA;5,000;5,000
2015 ;732001;MÁLAGA;AYH;FILOLOGÍA CLÁSICA ;FACULTAD DE FILOSOFÍA Y LETRAS;5,000;5,000;5,000 -ONP NA;5,000;5,000
2015 ;734009;MÁLAGA;AYH;FILOLOGÍA HISPÁNICA ;FACULTAD DE FILOSOFÍA Y LETRAS;5,560;5,000;5,000 -ONP NA;5,000;5,000
2015 ;735509;MÁLAGA;AYH;FILOSOFÍA ;FACULTAD DE FILOSOFÍA Y LETRAS;5,000;8,640;5,430 -OPR AN;5,000;5,300
2015 ;702005;MÁLAGA;SYJ;FINANZAS Y CONTABILIDAD ;FACULTAD DE CIENCIAS ECONÓMICAS Y EMPRESARIALES;5,000;5,000;5,390 -OPR AN;5,000;5,000
2015 ;703505;MÁLAGA;SD;FISIOTERAPIA ;FACULTAD DE CIENCIAS DE LA SALUD;11,116;8,760;8,092 -OPR AN;5,000;5,000
2015 ;736707;MÁLAGA;SYJ;GEOGRAFÍA Y GESTIÓN DEL TERRITORIO ;FACULTAD DE FILOSOFÍA Y LETRAS;5,000;6,030;5,130 -OPR AN;5,000;5,000
2015 ;704002;MÁLAGA;SYJ;GESTIÓN Y ADMINISTRACIÓN PÚBLICA ;FACULTAD DE COMERCIO Y GESTIÓN;5,000;7,240;5,840 -ONP AN;10,206;5,000
2015 ;737506;MÁLAGA;AYH;HISTORIA ;FACULTAD DE FILOSOFÍA Y LETRAS;5,000;5,000;5,030 -OPR AN;5,000;5,000
2015 ;738003;MÁLAGA;AYH;HISTORIA DEL ARTE ;FACULTAD DE FILOSOFÍA Y LETRAS;5,000;7,870;5,010 -OPR AN;5,000;5,000
2015 ;711201;MÁLAGA;IYA;ING. EN DISENO INDUSTRIAL Y DESAR. DEL PRODUCTO ;ESCUELA POLITÉCNICA SUPERIOR;6,521;5,000;5,000 -ONP NA;5,000;5,000
2015 ;715001;MÁLAGA;IYA;INGENIERÍA DE COMPUTADORES ;ESCUELA TÉCNICA SUPERIOR DE INGENIERÍA INFORMÁTICA;5,000;5,578;5,000 -ONP NA;5,000;5,000
2015 ;716803;MÁLAGA;IYA;INGENIERÍA DE LA ENERGÍA ;ESCUELA TÉCNICA SUPERIOR DE INGENIERÍA INDUSTRIAL;5,000;5,000;5,000 -ONP NA;5,000;5,000
2015 ;750005;MÁLAGA;IYA;INGENIERÍA DE LA SALUD ;ESCUELA TÉCNICA SUPERIOR DE INGENIERÍA INFORMÁTICA;5,458;5,000;5,000 -ONP NA;5,000;5,000
2015 ;795501;MÁLAGA;IYA;INGENIERÍA DE ORGANIZACIÓN INDUSTRIAL ;ESCUELA TÉCNICA SUPERIOR DE INGENIERÍA INDUSTRIAL;5,000;5,000;5,000 -ONP NA;5,000;5,000
2015 ;720009;MÁLAGA;IYA;INGENIERÍA DE SISTEMAS DE TELECOMUNICACIÓN ;ESCUELA TÉCNICA SUPERIOR DE INGENIERÍA DE TELECOMUNICACIÓN;5,000;7,610;5,000 -ONP NA;5,000;5,000
2015 ;719502;MÁLAGA;IYA;INGENIERÍA DE SISTEMAS ELECTRÓNICOS ;ESCUELA TÉCNICA SUPERIOR DE INGENIERÍA DE TELECOMUNICACIÓN;5,000;5,000;5,000 -ONP NA;5,000;5,000
2015 ;714504;MÁLAGA;IYA;INGENIERÍA DE SOFTWARE ;ESCUELA TÉCNICA SUPERIOR DE INGENIERÍA INFORMÁTICA;8,743;5,000;5,000 -ONP NA;5,000;5,000
2015 ;720505;MÁLAGA;IYA;INGENIERÍA DE SONIDO E IMAGEN ;ESCUELA TÉCNICA SUPERIOR DE INGENIERÍA DE TELECOMUNICACIÓN;5,000;7,060;5,000 -ONP NA;5,000;5,000
2015 ;725007;MÁLAGA;IYA;INGENIERÍA DE TECNOLOGÍAS DE TELECOMUNICACIÓN ;ESCUELA TÉCNICA SUPERIOR DE INGENIERÍA DE TELECOMUNICACIÓN;5,000;5,000;5,000 -ONP NA;5,000;5,000
2015 ;712507;MÁLAGA;IYA;INGENIERÍA ELÉCTRICA ;ESCUELA POLITÉCNICA SUPERIOR;5,000;5,000;5,000 -ONP NA;5,000;5,000
2015 ;712809;MÁLAGA;IYA;INGENIERÍA ELÉCTRICA + INGENIERÍA MECÁNICA ;ESCUELA POLITÉCNICA SUPERIOR;5,665;5,000;5,000 -ONP NA;5,000;5,000
2015 ;713004;MÁLAGA;IYA;INGENIERÍA ELECTRÓNICA INDUSTRIAL ;ESCUELA POLITÉCNICA SUPERIOR;5,000;5,000;5,000 -ONP NA;5,000;5,000
2015 ;712701;MÁLAGA;IYA;INGENIERÍA ELECTRÓNICA INDUSTRIAL + INGENIERÍA ELÉCTRICA ;ESCUELA POLITÉCNICA SUPERIOR;5,000;5,000;5,000 -ONP NA;5,000;5,000
2015 ;713019;MÁLAGA;IYA;INGENIERÍA ELECTRÓNICA, ROBÓTICA Y MECATRÓNICA ;ESCUELA TÉCNICA SUPERIOR DE INGENIERÍA INDUSTRIAL;9,842;6,453;5,172 -OPR NA;5,000;5,000
2015 ;723001;MÁLAGA;IYA;INGENIERÍA EN TECNOLOGÍAS INDUSTRIALES AUTOMÁTICAELECTRICIDADELECTRÓNICAESTRUCTURAS Y MATERIALESINGENIERÍA TÉRMICA E HIDRÁULICAMECÁNICA Y MÁQUINASORGANIZACIÓN;ESCUELA TÉCNICA SUPERIOR DE INGENIERÍA INDUSTRIAL;5,000;5,000;5,000 -ONP NA;5,000;5,000
2015 ;723506;MÁLAGA;IYA;INGENIERÍA INFORMÁTICA COMPUTACIÓNSISTEMAS DE INFORMACIÓNTECNOLOGÍAS DE LA INFORMACIÓN;ESCUELA TÉCNICA SUPERIOR DE INGENIERÍA INFORMÁTICA;6,450;5,000;5,000 -ONP NA;5,000;5,000
2015 ;713500;MÁLAGA;IYA;INGENIERÍA MECÁNICA ;ESCUELA POLITÉCNICA SUPERIOR;5,493;6,460;5,000 -ONP NA;5,000;5,000
2015 ;711309;MÁLAGA;IYA;INGENIERÍA MECÁNICA + ING. EN DISENO INDUSTRIAL Y DESA. PROD ;ESCUELA POLITÉCNICA SUPERIOR;7,155;5,000;5,000 -ONP NA;5,000;5,000
2015 ;724501;MÁLAGA;IYA;INGENIERÍA QUÍMICA INGENIERÍA AMBIENTALINGENIERÍA DE PROCESOSINGENIERÍA INDUSTRIAL;FACULTAD DE CIENCIAS;5,000;5,000;5,000 -ONP NA;5,000;5,000
2015 ;721002;MÁLAGA;IYA;INGENIERÍA TELEMÁTICA ;ESCUELA TÉCNICA SUPERIOR DE INGENIERÍA DE TELECOMUNICACIÓN;5,000;5,000;5,000 -ONP NA;5,000;5,000
2015 ;705006;MÁLAGA;SD;LOGOPEDIA ;FACULTAD DE PSICOLOGÍA;6,886;8,210;5,410 -OPR AN;5,000;5,000
2015 ;749002;MÁLAGA;SYJ;MARKETING E INVESTIGACIÓN DE MERCADOS ;FACULTAD DE COMERCIO Y GESTIÓN;6,235;6,120;5,000 -ONP NA;5,000;5,000
2015 ;739007;MÁLAGA;C;MATEMÁTICAS ;FACULTAD DE CIENCIAS;7,401;6,640;5,000 -ONP NA;5,000;5,000
2015 ;739503;MÁLAGA;SD;MEDICINA ;FACULTAD DE MEDICINA;12,606;8,890;7,020 -OPR AN;15,957;5,800
2015 ;740506;MÁLAGA;SYJ;PEDAGOGÍA FORMACIÓN Y DESARROLLO PROFESIONALGESTIÓN PEDAGÓGICA DE LAS ORGA. SOC., EMPRESARIALES Y EDUCA.ORIENTACIÓN EN EDUCACIÓNRECURSOS DIDÁCTICOS Y TECNOLÓGICOS EN EDUCACIÓN;FACULTAD CIENCIAS DE LA EDUCACIÓN;6,431;7,843;5,720 -OPR AN;5,000;5,000
2015 ;741003;MÁLAGA;SYJ;PERIODISMO ;FACULTAD CIENCIAS DE LA COMUNICACIÓN;8,526;7,180;5,000 -ONP NA;5,000;5,000
2015 ;707003;MÁLAGA;SD;PODOLOGÍA ;FACULTAD DE CIENCIAS DE LA SALUD;8,922;8,390;6,780 -OPR AN;5,000;5,000
2015 ;741501;MÁLAGA;SD;PSICOLOGÍA INTERVENCIÓN PSICOEDUCATIVAINTERVENCIÓN PSICOSOCIALPSICOLOGÍA CLÍNICA;FACULTAD DE PSICOLOGÍA;7,566;8,290;5,880 -OPR AN;5,000;5,000
2015 ;742007;MÁLAGA;SYJ;PUBLICIDAD Y RELACIONES PÚBLICAS ;FACULTAD CIENCIAS DE LA COMUNICACIÓN;7,925;7,550;5,790 -OPR AN;5,000;5,000
2015 ;742503;MÁLAGA;C;QUÍMICA ;FACULTAD DE CIENCIAS;5,817;5,000;5,000 -ONP NA;5,000;5,000
2015 ;708007;MÁLAGA;SYJ;RELACIONES LABORALES Y RECURSOS HUMANOS ;FACULTAD DE ESTUDIOS SOCIALES Y DEL TRABAJO;5,000;5,000;5,710 -ONP AN;5,000;5,000
2015 ;708201;MÁLAGA;SD;TERAPIA OCUPACIONAL ;FACULTAD DE CIENCIAS DE LA SALUD;8,820;8,050;6,880 -OPR AN;5,000;5,000
2015 ;708518;MÁLAGA;SYJ;TRABAJO SOCIAL ;FACULTAD DE ESTUDIOS SOCIALES Y DEL TRABAJO;6,984;8,290;5,850 -OPR AN;5,000;5,000
2015 ;743205;MÁLAGA;AYH;TRADUCCIÓN E INTERPRETACIÓN FRANCÉS INTERPRETACIÓN DE CONFERENCIASTRADUCCIÓN ESPECIALIZADATRADUCCIÓN GENERALISTA;FACULTAD DE FILOSOFÍA Y LETRAS;8,917;5,000;5,480 -ONP AN;5,000;5,000
2015 ;743302;MÁLAGA;AYH;TRADUCCIÓN E INTERPRETACIÓN INGLÉS ;FACULTAD DE FILOSOFÍA Y LETRAS;11,086;7,940;6,390 -OPR AN;5,000;5,000
2015 ;708708;MÁLAGA;SYJ;TURISMO ;FACULTAD DE TURISMO;6,399;5,000;5,000 -ONP NA;5,000;5,000
2015 ;925501;P. OLAVIDE;SYJ;ADMINISTRACION Y DIRECCIÓN DE EMPRESAS ;FACULTAD CIENCIAS EMPRESARIALES;6,083;6,210;5,000 -ONP NA;5,000;5,000
2015 ;925529;P. OLAVIDE;SYJ;ADMINISTRACIÓN Y DIRECCIÓN DE EMPRESAS ;CENTRO UNIVERSITARIO SAN ISIDORO (ADS.);5,000;5,000;5,000 -ONP NA;5,000;5,000
2015 ;925607;P. OLAVIDE;SYJ;ADMON. Y DIREC. DE EMPRESA + DERECHO ;FACULTAD CIENCIAS EMPRESARIALES + DERECHO;5,716;6,470;5,000 -ONP NA;5,000;5,000
2015 ;925611;P. OLAVIDE;SYJ;ADMON Y DIREC. EMP.+ DERECHO (grupo formación bilingüe) ;FACULTAD CIENCIAS EMPRESARIALES + DERECHO;10,189;5,000;5,000 -ONP NA;5,000;5,000
2015 ;925514;P. OLAVIDE;SYJ;ADMON Y DIRECCIÓN DE EMPRESAS (grupo formación en inglés) ;FACULTAD CIENCIAS EMPRESARIALES;10,262;7,098;6,817 -OPR AN;5,000;5,000
2015 ;951005;P. OLAVIDE;SYJ;ANÁLISIS ECONÓMICO ;FACULTAD CIENCIAS EMPRESARIALES;5,000;5,000;5,000 -ONP NA;5,000;5,000
2015 ;926708;P. OLAVIDE;C;BIOTECNOLOGÍA ;FACULTAD CIENCIAS EXPERIMENTALES;12,062;7,100;6,864 -ONP NA;5,000;5,000
2015 ;927000;P. OLAVIDE;C;CIENCIAS AMBIENTALES ;FACULTAD CIENCIAS EXPERIMENTALES;5,000;5,000;5,000 -ONP NA;5,000;5,000
2015 ;927511;P. OLAVIDE;SYJ;CIENCIAS DE LA ACTIVIDAD FÍSICA Y DEL DEPORTE ;CENTRO UNIVERSITARIO SAN ISIDORO (ADS.);5,000;6,040;5,340 -ONP AN;5,000;5,000
2015 ;927507;P. OLAVIDE;SYJ;CIENCIAS DE LA ACTIVIDAD FÍSICA Y DEL DEPORTE ;FACULTAD DEL DEPORTE;10,011;7,750;6,750 -OPR AN;9,040;5,250
2015 ;928500;P. OLAVIDE;SYJ;CIENCIAS POLÍTICAS Y DE LA ADMINISTRACIÓN ;FACULTAD DE DERECHO;6,678;8,300;5,000 -ONP NA;5,000;8,800
2015 ;929008;P. OLAVIDE;SYJ;COMUNICACIÓN COMUNICACIÓN AUDIOVISUALCOMUNICACIÓN PERIODÍSTICACOMUNICACIÓN PUBLICITARIA Y RELACIONES PÚBLICAS;CENTRO UNIVERSITARIO SAN ISIDORO (ADS.);5,000;5,000;5,000 -ONP NA;5,000;5,000
2015 ;929105;P. OLAVIDE;SYJ;COMUNICACIÓN + COMUNICACIÓN DIGITAL ;CENTRO UNIVERSITARIO SAN ISIDORO (ADS.);5,000;5,000;5,000 -ONP NA;5,000;5,000
2015 ;929202;P. OLAVIDE;SYJ;COMUNICACIÓN DIGITAL ;CENTRO UNIVERSITARIO SAN ISIDORO (ADS.);5,000;5,000;5,000 -ONP NA;5,000;5,000
2015 ;992604;P. OLAVIDE;SYJ;CRIMINOLOGÍA ;FACULTAD DE DERECHO;9,080;6,920;6,600 -OPR AN;26,874;6,900
2015 ;929519;P. OLAVIDE;SYJ;DERECHO ;CENTRO UNIVERSITARIO SAN ISIDORO (ADS.);5,000;5,000;5,000 -ONP NA;5,000;5,000
2015 ;929504;P. OLAVIDE;SYJ;DERECHO ;FACULTAD DE DERECHO;7,490;7,300;7,566 -OPR AN;14,786;7,975
2015 ;929806;P. OLAVIDE;SYJ;DERECHO + CIENCIAS POLI. Y DE LA ADMON. ;FACULTAD DE DERECHO;8,513;7,690;5,000 -ONP NA;5,000;5,000
2015 ;951501;P. OLAVIDE;SYJ;DERECHO + CRIMINOLOGÍA ;FACULTAD DE DERECHO;10,692;7,450;6,000 -OPR AN;5,000;5,000
2015 ;929709;P. OLAVIDE;SYJ;DERECHO + FINANZAS Y CONTABILIDAD ;FACULTAD DE DERECHO;5,678;7,600;5,000 -ONP NA;5,000;5,000
2015 ;929903;P. OLAVIDE;SYJ;DERECHO + RELACIONES LABORALES Y RECURSOS ;FACULTAD DE DERECHO;7,446;6,210;6,059 -ONP AN;5,000;5,000
2015 ;929407;P. OLAVIDE;SYJ;DERECHO Y BACHELOR OF LAWS (UNIVERSIDAD DE BAYREUTH) ;FACULTAD DE DERECHO;5,000;5,000;5,000 -ONP NA;5,000;5,000
2015 ;902206;P. OLAVIDE;SYJ;EDUCACIÓN SOCIAL ;FACULTAD DE CIENCIAS SOCIALES;6,613;5,000;5,000 -ONP NA;5,000;5,000
2015 ;902001;P. OLAVIDE;SYJ;FINANZAS Y CONTABILIDAD ;FACULTAD CIENCIAS EMPRESARIALES;5,000;5,000;5,000 -ONP NA;5,000;5,000
2015 ;936801;P. OLAVIDE;AYH;GEOGRAFÍA E HISTORIA ;FACULTAD DE HUMANIDADES;5,000;5,000;5,530 -OPR AN;5,000;5,000
2015 ;938506;P. OLAVIDE;AYH;HUMANIDADES ;FACULTAD DE HUMANIDADES;5,000;5,000;5,000 -ONP NA;5,000;5,000
2015 ;938808;P. OLAVIDE;AYH;HUMANIDADES + TRADUCCIÓN E INTERPRETACIÓN (INGLÉS) ;FACULTAD DE HUMANIDADES;11,736;6,960;7,913 -OPR AN;5,000;5,000
2015 ;914500;P. OLAVIDE;IYA;INGENIERÍA INFORMÁTICA EN SISTEMAS DE INFORMACIÓN ;ESCUELA POLITÉCNICA SUPERIOR;5,000;5,000;5,000 -ONP NA;5,000;5,000
2015 ;906200;P. OLAVIDE;SD;NUTRICIÓN HUMANA Y DIETÉTICA ;FACULTAD CIENCIAS EXPERIMENTALES;10,013;8,770;5,019 -OPR NA;5,664;5,000
2015 ;908003;P. OLAVIDE;SYJ;RELACIONES LABORALES Y RECURSOS HUMANOS ;FACULTAD DE DERECHO;5,000;5,000;6,210 -OPR AN;22,789;6,150
2015 ;942704;P. OLAVIDE;SYJ;SOCIOLOGÍA ;FACULTAD DE CIENCIAS SOCIALES;5,765;5,000;5,720 -OPR AN;19,478;8,850
2015 ;999103;P. OLAVIDE;SYJ;SOCIOLOGÍA + CIENCIAS POLÍTICAS Y DE LA ADMINISTRAC ;FACULTAD CIENCIAS SOCIALES + DERECHO;7,296;7,190;5,000 -ONP NA;5,000;7,550
2015 ;908501;P. OLAVIDE;SYJ;TRABAJO SOCIAL ;FACULTAD DE CIENCIAS SOCIALES;6,098;5,000;5,000 -ONP NA;5,000;5,000
2015 ;902303;P. OLAVIDE;SYJ;TRABAJO SOCIAL + EDUCACIÓN SOCIAL ;FACULTAD DE CIENCIAS SOCIALES;8,265;5,000;5,000 -ONP NA;5,000;5,000
2015 ;908607;P. OLAVIDE;SYJ;TRABAJO SOCIAL + SOCIOLOGÍA ;FACULTAD DE CIENCIAS SOCIALES;6,736;5,000;5,000 -ONP NA;5,000;5,000
2015 ;943104;P. OLAVIDE;AYH;TRADUCCIÓN E INTERPRETACIÓN ALEMÁN ;FACULTAD DE HUMANIDADES;7,579;7,620;5,000 -ONP NA;5,000;5,000
2015 ;943201;P. OLAVIDE;AYH;TRADUCCIÓN E INTERPRETACIÓN FRANCÉS ;FACULTAD DE HUMANIDADES;8,588;5,000;6,470 -OPR AN;5,000;5,000
2015 ;943309;P. OLAVIDE;AYH;TRADUCCIÓN E INTERPRETACIÓN INGLÉS ;FACULTAD DE HUMANIDADES;10,324;6,960;8,417 -OPR NA;5,000;5,000
2015 ;825501;SEVILLA;SYJ;ADMINISTRACION Y DIRECCIÓN DE EMPRESAS ;FACULTAD DE CIENCIAS ECONÓMICAS Y EMPRESARIALES;6,679;5,770;5,000 -ONP NA;5,000;5,000
2015 ;825609;SEVILLA;SYJ;ADMON. Y DIREC. DE EMPRESA + DERECHO ;FAC.  DE DERECHO Y FAC.  DE CC. ECON. Y EMPRESARIALES;10,133;6,370;5,000 -ONP NA;5,000;5,000
2015 ;891505;SEVILLA;SYJ;ANTROPOLOGIA SOCIAL Y CULTURAL ;FACULTAD DE GEOGRAFÍA E HISTORIA;5,000;5,000;5,630 -ONP AN;7,328;8,175
2015 ;853004;SEVILLA;AYH;ARQUEOLOGÍA ;FACULTAD DE GEOGRAFÍA E HISTORIA;5,608;6,320;7,392 -OPR AN;5,000;7,000
2015 ;826009;SEVILLA;AYH;BELLAS ARTES ;FACULTAD DE BELLAS ARTES;8,550;7,769;6,140 -OPR AN;10,312;6,250
2015 ;826505;SEVILLA;C;BIOLOGÍA ;FACULTAD DE BIOLOGÍA;9,000;5,000;5,000 -ONP NA;5,000;5,000
2015 ;852000;SEVILLA;SD;BIOMEDICINA BÁSICA Y EXPERIMENTAL ;FACULTAD DE MEDICINA;12,700;8,670;7,940 -OPR AN;5,000;5,400
2015 ;892002;SEVILLA;C;BIOQUÍMICA ;FACULTAD DE BIOLOGÍA;12,107;7,900;5,000 -ONP NA;5,000;5,000
2015 ;801001;SEVILLA;IYA;CIENCIA Y TECNOLOGÍA DE EDIFICACIÓN ;ESCUELA TÉCNICA SUPERIOR DE INGENIERÍA DE EDIFICACIÓN;5,000;5,000;5,000 -ONP NA;5,000;5,000
2015 ;827513;SEVILLA;SYJ;CIENCIAS DE LA ACTIVIDAD FÍSICA Y DEL DEPORTE ;CENTRO ESTUDIOS UNIVERSITARIO  CARDENAL SPÍNOLA  (ADS.);5,540;6,180;5,000 -ONP NA;5,000;5,000
2015 ;827509;SEVILLA;SYJ;CIENCIAS DE LA ACTIVIDAD FÍSICA Y DEL DEPORTE ;FACULTAD DE CIENCIAS DE LA EDUCACIÓN;10,400;8,100;7,030 -OPR AN;5,000;5,000
2015 ;829014;SEVILLA;SYJ;COMUNICACIÓN AUDIOVISUAL ;CENTRO DE ESTUDIOS UNIVERSITARIOS EUSA (ADSCRITO);5,000;5,000;5,000 -ONP NA;5,000;5,000
2015 ;829001;SEVILLA;SYJ;COMUNICACIÓN AUDIOVISUAL ;FACULTAD DE COMUNICACIÓN;8,588;6,190;5,000 -ONP NA;5,000;5,000
2015 ;826203;SEVILLA;AYH;CONSERVACIÓN Y RESTAURACIÓN DE BIENES CULTURALES ;FACULTAD DE BELLAS ARTES;7,530;8,410;5,810 -OPR AN;5,000;5,000
2015 ;892601;SEVILLA;SYJ;CRIMINOLOGÍA ;FACULTAD DE DERECHO;10,002;7,110;6,650 -OPR AN;20,166;7,850
2015 ;829510;SEVILLA;SYJ;DERECHO ;CENTRO ESTUDIOS UNIVERSITARIO  CARDENAL SPÍNOLA  (ADS.);5,000;5,000;5,000 -ONP NA;5,000;5,000
2015 ;829506;SEVILLA;SYJ;DERECHO ;FACULTAD DE DERECHO;7,786;6,670;6,570 -OPR AN;5,000;5,000
2015 ;851600;SEVILLA;SYJ;DERECHO + ECONOMÍA ;FAC.  DE DERECHO Y FAC.  DE CC. ECON. Y EMPRESARIALES;11,517;6,350;5,000 -ONP NA;5,000;5,000
2015 ;829700;SEVILLA;SYJ;DERECHO + FINANZAS Y CONTABILIDAD ;FACULTAD DE DERECHO;7,494;5,870;5,000 -ONP NA;5,000;5,000
2015 ;829603;SEVILLA;SYJ;DERECHO + GESTIÓN Y ADM. PUB. ;FACULTAD DE DERECHO;7,540;5,000;5,000 -ONP NA;5,000;5,000
2015 ;830002;SEVILLA;SYJ;ECONOMÍA ;FACULTAD DE CIENCIAS ECONÓMICAS Y EMPRESARIALES;6,870;6,150;5,000 -ONP NA;5,000;5,000
2015 ;845521;SEVILLA;SYJ;EDUCACIÓN INFANTIL ;CENTRO DE ESTUDIOS UNIV. FRANCISCO MALDONADO (ADS.) (OSUNA);5,000;5,000;5,000 -ONP NA;5,000;5,000
2015 ;845517;SEVILLA;SYJ;EDUCACIÓN INFANTIL ;CENTRO ESTUDIOS UNIVERSITARIO  CARDENAL SPÍNOLA  (ADS.);5,000;5,000;5,000 -ONP NA;5,000;5,000
2015 ;845502;SEVILLA;SYJ;EDUCACIÓN INFANTIL ;FACULTAD DE CIENCIAS DE LA EDUCACIÓN;8,830;7,540;5,710 -OPR AN;5,000;5,000
2015 ;846531;SEVILLA;SYJ;EDUCACIÓN PRIMARIA ;CENTRO DE ESTUDIOS UNIV. FRANCISCO MALDONADO (ADS.) (OSUNA);5,000;5,000;5,000 -ONP NA;5,000;5,000
2015 ;846525;SEVILLA;SYJ;EDUCACIÓN PRIMARIA ;CENTRO ESTUDIOS UNIVERSITARIO  CARDENAL SPÍNOLA  (ADS.);5,000;5,000;5,000 -ONP NA;5,000;5,000
2015 ;846506;SEVILLA;SYJ;EDUCACIÓN PRIMARIA ;FACULTAD DE CIENCIAS DE LA EDUCACIÓN;8,051;7,340;6,060 -OPR AN;5,000;5,000
2015 ;846603;SEVILLA;AYH;EDUCACIÓN PRIMARIA + ESTUDIOS FRANCESES ;FACULTAD DE CIENCIAS DE LA EDUCACIÓN-FACULTAD DE FILOLOGÍA;10,515;9,080;6,540 -ONP AN;5,000;5,000
2015 ;802514;SEVILLA;SD;ENFERMERÍA ;CENTRO DE ENFERMERÍA DE LA CRUZ ROJA (ADS.);9,788;7,185;6,492 -OPR AN;7,998;5,000
2015 ;802552;SEVILLA;SD;ENFERMERÍA ;CENTRO DE ENFERMERÍA DE SAN JUAN DE DIOS (ADS.);9,609;7,329;5,850 -OPR AN;5,000;5,000
2015 ;802533;SEVILLA;SD;ENFERMERÍA ;CENTRO DE ESTUDIOS UNIV. FRANCISCO MALDONADO (ADS.) (OSUNA);8,804;7,190;5,850 -OPR AN;5,000;5,000
2015 ;802501;SEVILLA;SD;ENFERMERÍA ;FACULTAD DE ENFER., FISIOT. Y PODOL.;11,091;7,540;7,204 -OPR AN;15,120;7,500
2015 ;803007;SEVILLA;C;ESTADÍSTICA ;FACULTAD DE MATEMÁTICAS;5,360;6,300;7,042 -ONP NA;5,000;5,000
2015 ;831502;SEVILLA;AYH;ESTUDIOS ÁRABES E ISLÁMICOS ;FACULTAD DE FILOLOGÍA;5,000;6,100;5,000 -ONP NA;5,000;5,000
2015 ;850501;SEVILLA;AYH;ESTUDIOS DE ASIA ORIENTAL CHINOJAPONÉS;FACULTAD DE FILOSOFÍA;8,403;8,110;6,890 -OPR AN;5,000;5,000
2015 ;833003;SEVILLA;AYH;ESTUDIOS FRANCESES ;FACULTAD DE FILOLOGÍA;5,000;8,460;5,000 -ONP NA;5,000;5,000
2015 ;834503;SEVILLA;AYH;ESTUDIOS INGLESES ;FACULTAD DE FILOLOGÍA;7,350;5,000;5,000 -ONP NA;5,000;5,000
2015 ;830509;SEVILLA;SD;FARMACIA ;FACULTAD DE FARMACIA;9,502;7,217;5,000 -ONP NA;5,000;5,000
2015 ;830606;SEVILLA;SD;FARMACIA + ÓPTICA Y OPTOMETRÍA ;FACULTAD DE FARMACIA;12,017;6,560;5,000 -ONP NA;5,000;5,000
2015 ;832001;SEVILLA;AYH;FILOLOGÍA CLÁSICA ;FACULTAD DE FILOLOGÍA;5,000;7,230;5,000 -ONP NA;5,000;5,000
2015 ;834201;SEVILLA;AYH;FILOLOGÍA CLÁSICA + FILOLOGÍA HISPÁNICA ;FACULTAD DE FILOLOGÍA;6,155;7,350;5,000 -ONP NA;5,000;5,000
2015 ;834007;SEVILLA;AYH;FILOLOGÍA HISPÁNICA ;FACULTAD DE FILOLOGÍA;5,000;5,000;5,000 -ONP NA;5,000;5,000
2015 ;835507;SEVILLA;AYH;FILOSOFÍA ;FACULTAD DE FILOSOFÍA;5,000;8,930;5,000 -ONP NA;6,039;5,000
2015 ;802100;SEVILLA;SYJ;FINANZAS. Y CONTAB. + REL. LABORALES Y REC. HUMANOS ;CENTRO DE ESTUDIOS UNIV. FRANCISCO MALDONADO (ADS.) (OSUNA);5,000;5,000;5,000 -ONP NA;5,000;5,000
2015 ;802115;SEVILLA;SYJ;FINANZAS. Y CONTAB. + REL. LABORALES Y REC. HUMANOS ;FACULTAD DE CIENCIAS DEL TRABAJO;5,750;5,000;6,979 -OPR AN;5,000;5,000
2015 ;802018;SEVILLA;SYJ;FINANZAS Y CONTABILIDAD ;CENTRO DE ESTUDIOS UNIV. FRANCISCO MALDONADO (ADS.) (OSUNA);5,000;5,760;5,000 -ONP NA;5,000;5,000
2015 ;802003;SEVILLA;SYJ;FINANZAS Y CONTABILIDAD ;FACULTAD DE TURISMO Y FINANZAS;5,000;5,000;5,000 -ONP NA;5,000;5,000
2015 ;836004;SEVILLA;C;FÍSICA ;FACULTAD DE FÍSICA;9,324;8,650;7,384 -ONP AN;5,000;5,000
2015 ;836101;SEVILLA;IYA;FÍSICA + INGENIERÍA DE MATERIALES ;FACULTAD DE FÍSICA;11,019;5,000;5,000 -ONP NA;5,000;5,000
2015 ;839404;SEVILLA;C;FÍSICA + MATEMÁTICAS ;FACULTAD DE MÁTEMATICAS-FACULTAD DE FÍSICA;13,292;6,100;5,000 -ONP NA;5,000;5,000
2015 ;803518;SEVILLA;SD;FISIOTERAPIA ;CENTRO DE ESTUDIOS UNIV. FRANCISCO MALDONADO (ADS.) (OSUNA);9,223;8,422;5,000 -ONP NA;5,000;5,000
2015 ;803503;SEVILLA;SD;FISIOTERAPIA ;FACULTAD DE ENFERMERÍA, FISIOTERAPIA Y PODOLOGÍA;11,714;9,000;7,240 -OPR AN;5,000;5,000
2015 ;800502;SEVILLA;IYA;FUNDAMENTOS DE ARQUITECTURA ;ESCUELA TÉCNICA SUPERIOR DE ARQUITECTURA;5,000;5,700;5,000 -ONP NA;5,000;5,000
2015 ;836705;SEVILLA;SYJ;GEOGRAFÍA Y GESTIÓN DEL TERRITORIO ;FACULTAD DE GEOGRAFÍA E HISTORIA;5,000;6,530;5,150 -OPR AN;5,000;5,000
2015 ;836901;SEVILLA;AYH;GEOGRAFÍA Y GESTIÓN DEL TERRITORIO + HISTORIA ;FACULTAD DE GEOGRAFÍA E HISTORIA;5,000;5,710;5,000 -ONP NA;5,000;5,000
2015 ;837504;SEVILLA;AYH;HISTORIA ;FACULTAD DE GEOGRAFÍA E HISTORIA;5,000;6,563;5,042 -OPR AN;19,416;6,850
2015 ;838001;SEVILLA;AYH;HISTORIA DEL ARTE ;FACULTAD DE GEOGRAFÍA E HISTORIA;5,000;6,040;7,060 -ONP NA;5,000;5,000
2015 ;811201;SEVILLA;IYA;ING. EN DISENO INDUSTRIAL Y DESAR. DEL PRODUCTO ;ESCUELA POLITÉCNICA SUPERIOR;8,806;5,000;5,000 -ONP NA;5,000;5,000
2015 ;811307;SEVILLA;IYA;ING. MECÁNICA + ING. EN DISENO INDUSTRIAL Y DES. PR ;ESCUELA POLITÉCNICA SUPERIOR;10,972;5,000;5,000 -ONP NA;5,000;5,000
2015 ;821701;SEVILLA;IYA;INGENIERÍA AEROESPACIAL ;ESCUELA TÉCNICA SUPERIOR DE INGENIERÍA;12,264;8,600;5,990 -ONP AN;5,000;5,000
2015 ;822004;SEVILLA;IYA;INGENIERÍA AGRÍCOLA ;E.T.S. INGENIERÍA AGRONÓMICA;5,000;5,000;5,000 -ONP NA;5,000;5,000
2015 ;822500;SEVILLA;IYA;INGENIERÍA CIVIL ;ESCUELA TÉCNICA SUPERIOR DE INGENIERÍA;6,670;7,450;5,000 -ONP NA;5,000;5,000
2015 ;816801;SEVILLA;IYA;INGENIERÍA DE LA ENERGÍA ;ESCUELA TÉCNICA SUPERIOR DE INGENIERÍA;5,560;5,640;5,000 -ONP NA;5,000;5,000
2015 ;850003;SEVILLA;IYA;INGENIERÍA DE LA SALUD ;ESCUELA TÉCNICA SUPERIOR DE INGENIERÍA INFORMÁTICA;8,902;6,400;5,000 -ONP NA;5,000;5,000
2015 ;891300;SEVILLA;IYA;INGENIERÍA DE MATERIALES ;FACULTAD DE FÍSICA;6,699;5,000;5,000 -ONP NA;5,000;5,000
2015 ;895501;SEVILLA;IYA;INGENIERÍA DE ORGANIZACIÓN INDUSTRIAL ;ESCUELA TÉCNICA SUPERIOR DE INGENIERÍA;8,914;5,000;5,000 -ONP NA;5,000;5,000
2015 ;825005;SEVILLA;IYA;INGENIERÍA DE TECNOLOGÍAS DE TELECOMUNICACIÓN ;ESCUELA TÉCNICA SUPERIOR DE INGENIERÍA;7,103;5,000;5,000 -ONP NA;5,000;5,000
2015 ;812505;SEVILLA;IYA;INGENIERÍA ELÉCTRICA ;ESCUELA POLITÉCNICA SUPERIOR;5,000;5,790;5,000 -ONP NA;5,000;5,000
2015 ;812701;SEVILLA;IYA;INGENIERÍA ELÉCTRICA + ING. ELEC. INDUS. ;ESCUELA POLITÉCNICA SUPERIOR;5,641;5,000;5,000 -ONP NA;5,000;5,000
2015 ;813002;SEVILLA;IYA;INGENIERÍA ELECTRÓNICA INDUSTRIAL ;ESCUELA POLITÉCNICA SUPERIOR;5,000;5,000;5,000 -ONP NA;5,000;5,000
2015 ;813017;SEVILLA;IYA;INGENIERÍA ELECTRÓNICA, ROBÓTICA Y MECATRÓNICA ;ESCUELA TÉCNICA SUPERIOR DE INGENIERÍA;11,374;5,000;5,000 -ONP NA;5,000;5,000
2015 ;823008;SEVILLA;IYA;INGENIERÍA EN TECNOLOGÍAS INDUSTRIALES ;ESCUELA TÉCNICA SUPERIOR DE INGENIERÍA;9,877;5,000;5,000 -ONP NA;5,000;5,000
2015 ;815001;SEVILLA;IYA;INGENIERÍA INFORMÁTICA. INGENIERÍA DE COMPUTADORES ;ESCUELA TÉCNICA SUPERIOR DE INGENIERÍA INFORMÁTICA;5,000;6,220;5,000 -ONP NA;5,000;5,000
2015 ;814502;SEVILLA;IYA;INGENIERÍA INFORMÁTICA. INGENIERÍA DEL SOFTWARE ;ESCUELA TÉCNICA SUPERIOR DE INGENIERÍA INFORMÁTICA;5,820;5,000;5,000 -ONP NA;5,000;5,000
2015 ;823504;SEVILLA;IYA;INGENIERÍA INFORMÁTICA. TECNOLOGÍA INFORMÁTICA ;ESCUELA TÉCNICA SUPERIOR DE INGENIERÍA INFORMÁTICA;5,000;5,000;5,000 -ONP NA;5,000;5,000
2015 ;813509;SEVILLA;IYA;INGENIERÍA MECÁNICA ;ESCUELA POLITÉCNICA SUPERIOR;7,736;5,000;5,000 -ONP NA;5,000;5,000
2015 ;812807;SEVILLA;IYA;INGENIERÍA MECÁNICA + ING. ELECTRICA ;ESCUELA POLITÉCNICA SUPERIOR;7,681;5,000;5,000 -ONP NA;5,000;5,000
2015 ;824508;SEVILLA;IYA;INGENIERÍA QUÍMICA ;ESCUELA TÉCNICA SUPERIOR DE INGENIERÍA;6,537;5,000;5,000 -ONP NA;5,000;5,000
2015 ;814006;SEVILLA;IYA;INGENIERÍA QUÍMICA INDUSTRIAL ;ESCUELA POLITÉCNICA SUPERIOR;5,000;5,000;5,000 -ONP NA;5,000;5,000
2015 ;831200;SEVILLA;AYH;LENGUA Y LITERATURA ALEMANAS ;FACULTAD DE FILOLOGÍA;5,000;7,160;5,000 -ONP NA;5,000;5,000
2015 ;831308;SEVILLA;AYH;LENGUA Y LITERATURA ALEMANAS + EDUCACIÓN PRIMARIA ;FACULTAD DE CIENCIAS DE LA EDUCACIÓN;8,037;8,000;5,000 -ONP NA;5,000;5,000
2015 ;849008;SEVILLA;SYJ;MARKETING E INVESTIGACIÓN DE MERCADOS ;FACULTAD DE CIENCIAS ECONÓMICAS Y EMPRESARIALES;8,641;5,000;5,770 -OPR AN;5,000;5,000
2015 ;839005;SEVILLA;C;MATEMÁTICAS ;FACULTAD DE MATEMÁTICAS;6,626;5,000;5,000 -ONP NA;5,000;5,000
2015 ;839307;SEVILLA;C;MATEMÁTICAS + ESTADÍSTICA ;FACULTAD DE MATEMÁTICAS;10,692;7,380;5,000 -ONP NA;5,000;5,000
2015 ;839501;SEVILLA;SD;MEDICINA ;FACULTAD DE MEDICINA;12,645;9,050;7,480 -OPR AN;5,000;5,000
2015 ;840008;SEVILLA;SD;ODONTOLOGÍA ;FACULTAD DE ODONTOLOGÍA;11,862;8,960;7,170 -OPR AN;5,000;5,000
2015 ;806504;SEVILLA;SD;ÓPTICA Y OPTOMETRÍA ;FACULTAD DE FARMACIA;9,270;7,660;7,122 -OPR NA;5,000;5,000
2015 ;840504;SEVILLA;SYJ;PEDAGOGÍA ;FACULTAD DE CIENCIAS DE LA EDUCACIÓN;6,920;7,090;5,085 -OPR AN;5,000;5,000
2015 ;841016;SEVILLA;SYJ;PERIODISMO ;CENTRO DE ESTUDIOS UNIVERSITARIOS EUSA (ADSCRITO);5,000;5,000;5,000 -ONP NA;5,000;5,000
2015 ;841001;SEVILLA;SYJ;PERIODISMO ;FACULTAD DE COMUNICACIÓN;8,319;5,870;5,000 -ONP NA;5,000;5,000
2015 ;841113;SEVILLA;SYJ;PERIODISMO + COMUNICACIÓN AUDIOVISUAL ;CENTRO DE ESTUDIOS UNIVERSITARIOS EUSA (ADSCRITO);5,000;5,000;5,000 -ONP NA;5,000;5,000
2015 ;841109;SEVILLA;SYJ;PERIODISMO + COMUNICACIÓN AUDIOVISUAL ;FACULTAD DE COMUNICACIÓN;11,628;6,693;5,000 -ONP NA;5,000;5,000
2015 ;807001;SEVILLA;SD;PODOLOGÍA ;FACULTAD DE ENFERMERÍA, FISIOTERAPIA Y PODOLOGÍA;9,708;8,120;6,200 -OPR AN;5,000;5,000
2015 ;841508;SEVILLA;SD;PSICOLOGÍA ;FACULTAD DE PSICOLOGÍA;8,233;8,480;5,870 -OPR AN;5,000;5,000
2015 ;842010;SEVILLA;SYJ;PUBLICIDAD Y RELACIONES PÚBLICAS ;CENTRO DE ESTUDIOS UNIVERSITARIOS EUSA (ADSCRITO);5,000;5,000;5,000 -ONP NA;5,000;5,000
2015 ;842005;SEVILLA;SYJ;PUBLICIDAD Y RELACIONES PÚBLICAS ;FACULTAD DE COMUNICACIÓN;8,384;6,350;6,790 -OPR AN;5,000;5,000
2015 ;842501;SEVILLA;C;QUÍMICA ;FACULTAD DE QUÍMICA;7,108;5,000;5,000 -ONP NA;5,000;5,000
2015 ;842405;SEVILLA;IYA;QUÍMICA + INGENIERÍA DE MATERIALES ;FACULTAD DE QUÍMICA;11,794;5,000;5,000 -ONP NA;5,000;5,000
2015 ;808011;SEVILLA;SYJ;RELACIONES LABORALES Y RECURSOS HUMANOS ;CENTRO DE ESTUDIOS UNIV. FRANCISCO MALDONADO (ADS.) (OSUNA);5,000;5,000;5,000 -ONP NA;5,000;5,000
2015 ;808005;SEVILLA;SYJ;RELACIONES LABORALES Y RECURSOS HUMANOS ;FACULTAD DE CIENCIAS DEL TRABAJO;5,000;6,141;5,410 -ONP NA;5,000;5,000
2015 ;808706;SEVILLA;SYJ;TURISMO ;CENTRO DE ESTUDIOS UNIVERSITARIOS EUSA (ADSCRITO);5,000;5,000;5,000 -ONP NA;5,000;5,000
2015 ;808710;SEVILLA;SYJ;TURISMO ;FACULTAD DE TURISMO Y FINANZAS;5,000;6,110;5,000 -ONP NA;5,000;5,000
